-- Masjid template demo collections (MasjidDemo1)
-- Tenant 2fff887d-a78e-4256-9116-6e02fe38c614
DO $migration$
DECLARE
  tid uuid := '2fff887d-a78e-4256-9116-6e02fe38c614'::uuid;
  coll_id uuid;
  item_id uuid;
  asset_id uuid;
  img_map jsonb := '{}'::jsonb;
BEGIN

  IF NOT EXISTS (
    SELECT 1 FROM public.collections c
    WHERE c.tenant_id = tid AND c.name = 'Announcements' AND c.is_published = false AND c.deleted_at IS NULL
  ) THEN

  asset_id := gen_random_uuid();
  INSERT INTO public.assets (id, source, filename, storage_path, public_url, file_size, mime_type, width, height, is_published, tenant_id, created_at, updated_at) VALUES (asset_id, 'sample-collection', 'blog-meal-planning.webp', NULL, 'https://picsum.photos/seed/masjid1/1200/675', 1, 'image/webp', 1200, 675, false, tid, now(), now());
  img_map := img_map || jsonb_build_object('blog-meal-planning.webp', asset_id::text);
  asset_id := gen_random_uuid();
  INSERT INTO public.assets (id, source, filename, storage_path, public_url, file_size, mime_type, width, height, is_published, tenant_id, created_at, updated_at) VALUES (asset_id, 'sample-collection', 'blog-remote-work.webp', NULL, 'https://picsum.photos/seed/masjid2/1200/675', 1, 'image/webp', 1200, 675, false, tid, now(), now());
  img_map := img_map || jsonb_build_object('blog-remote-work.webp', asset_id::text);
  asset_id := gen_random_uuid();
  INSERT INTO public.assets (id, source, filename, storage_path, public_url, file_size, mime_type, width, height, is_published, tenant_id, created_at, updated_at) VALUES (asset_id, 'sample-collection', 'blog-productivity.webp', NULL, 'https://picsum.photos/seed/masjid3/1200/675', 1, 'image/webp', 1200, 675, false, tid, now(), now());
  img_map := img_map || jsonb_build_object('blog-productivity.webp', asset_id::text);
  asset_id := gen_random_uuid();
  INSERT INTO public.assets (id, source, filename, storage_path, public_url, file_size, mime_type, width, height, is_published, tenant_id, created_at, updated_at) VALUES (asset_id, 'sample-collection', 'blog-declutter.webp', NULL, 'https://picsum.photos/seed/masjid4/1200/675', 1, 'image/webp', 1200, 675, false, tid, now(), now());
  img_map := img_map || jsonb_build_object('blog-declutter.webp', asset_id::text);
  asset_id := gen_random_uuid();
  INSERT INTO public.assets (id, source, filename, storage_path, public_url, file_size, mime_type, width, height, is_published, tenant_id, created_at, updated_at) VALUES (asset_id, 'sample-collection', 'profile-picture-1.webp', NULL, 'https://picsum.photos/seed/masjid5/1200/675', 1, 'image/webp', 1200, 675, false, tid, now(), now());
  img_map := img_map || jsonb_build_object('profile-picture-1.webp', asset_id::text);
  asset_id := gen_random_uuid();
  INSERT INTO public.assets (id, source, filename, storage_path, public_url, file_size, mime_type, width, height, is_published, tenant_id, created_at, updated_at) VALUES (asset_id, 'sample-collection', 'profile-picture-2.webp', NULL, 'https://picsum.photos/seed/masjid6/1200/675', 1, 'image/webp', 1200, 675, false, tid, now(), now());
  img_map := img_map || jsonb_build_object('profile-picture-2.webp', asset_id::text);
  asset_id := gen_random_uuid();
  INSERT INTO public.assets (id, source, filename, storage_path, public_url, file_size, mime_type, width, height, is_published, tenant_id, created_at, updated_at) VALUES (asset_id, 'sample-collection', 'profile-picture-3.webp', NULL, 'https://picsum.photos/seed/masjid7/1200/675', 1, 'image/webp', 1200, 675, false, tid, now(), now());
  img_map := img_map || jsonb_build_object('profile-picture-3.webp', asset_id::text);
  asset_id := gen_random_uuid();
  INSERT INTO public.assets (id, source, filename, storage_path, public_url, file_size, mime_type, width, height, is_published, tenant_id, created_at, updated_at) VALUES (asset_id, 'sample-collection', 'profile-picture-4.webp', NULL, 'https://picsum.photos/seed/masjid8/1200/675', 1, 'image/webp', 1200, 675, false, tid, now(), now());
  img_map := img_map || jsonb_build_object('profile-picture-4.webp', asset_id::text);
  coll_id := gen_random_uuid();
  INSERT INTO public.collections (id, uuid, name, "order", is_published, tenant_id, created_at, updated_at, deleted_at) VALUES (coll_id, gen_random_uuid(), 'Announcements', 0, false, tid, now(), now(), NULL);
  INSERT INTO public.collection_fields (id, collection_id, reference_collection_id, name, key, type, "default", fillable, "order", hidden, is_computed, data, is_published, tenant_id, created_at, updated_at, deleted_at) VALUES ('cb5bee63-104e-4e53-b9f2-c487ad0ad466'::uuid, coll_id, NULL, 'ID', 'id', 'number', NULL, false, 0, false, false, '{}'::jsonb, false, tid, now(), now(), NULL);
  INSERT INTO public.collection_fields (id, collection_id, reference_collection_id, name, key, type, "default", fillable, "order", hidden, is_computed, data, is_published, tenant_id, created_at, updated_at, deleted_at) VALUES ('8e0ccb3d-03b6-4b69-b35b-afe8a02c1afb'::uuid, coll_id, NULL, 'Status', 'status', 'status', NULL, false, 1, false, true, '{}'::jsonb, false, tid, now(), now(), NULL);
  INSERT INTO public.collection_fields (id, collection_id, reference_collection_id, name, key, type, "default", fillable, "order", hidden, is_computed, data, is_published, tenant_id, created_at, updated_at, deleted_at) VALUES ('d21f751d-9c50-4d51-9b2f-4b45c2ff3895'::uuid, coll_id, NULL, 'Name', 'name', 'text', NULL, true, 2, false, false, '{}'::jsonb, false, tid, now(), now(), NULL);
  INSERT INTO public.collection_fields (id, collection_id, reference_collection_id, name, key, type, "default", fillable, "order", hidden, is_computed, data, is_published, tenant_id, created_at, updated_at, deleted_at) VALUES ('2d7e130d-7cb7-45b4-b198-280db5969795'::uuid, coll_id, NULL, 'Slug', 'slug', 'text', NULL, true, 3, false, false, '{}'::jsonb, false, tid, now(), now(), NULL);
  INSERT INTO public.collection_fields (id, collection_id, reference_collection_id, name, key, type, "default", fillable, "order", hidden, is_computed, data, is_published, tenant_id, created_at, updated_at, deleted_at) VALUES ('0ff536f1-7bdf-4371-8b77-bcda89afd1d2'::uuid, coll_id, NULL, 'Date', 'date', 'date', NULL, true, 4, false, false, '{}'::jsonb, false, tid, now(), now(), NULL);
  INSERT INTO public.collection_fields (id, collection_id, reference_collection_id, name, key, type, "default", fillable, "order", hidden, is_computed, data, is_published, tenant_id, created_at, updated_at, deleted_at) VALUES ('4a065863-570f-4ed9-b5d3-ce969f469247'::uuid, coll_id, NULL, 'Excerpt', 'excerpt', 'text', NULL, true, 5, false, false, '{}'::jsonb, false, tid, now(), now(), NULL);
  INSERT INTO public.collection_fields (id, collection_id, reference_collection_id, name, key, type, "default", fillable, "order", hidden, is_computed, data, is_published, tenant_id, created_at, updated_at, deleted_at) VALUES ('f4bf761a-8819-430a-8430-44791713644d'::uuid, coll_id, NULL, 'Body', 'body', 'rich_text', NULL, true, 6, false, false, '{}'::jsonb, false, tid, now(), now(), NULL);
  INSERT INTO public.collection_fields (id, collection_id, reference_collection_id, name, key, type, "default", fillable, "order", hidden, is_computed, data, is_published, tenant_id, created_at, updated_at, deleted_at) VALUES ('776750d4-6ebe-4cf7-b520-1464ab695b77'::uuid, coll_id, NULL, 'Pinned', 'pinned', 'boolean', NULL, true, 7, false, false, '{}'::jsonb, false, tid, now(), now(), NULL);
  INSERT INTO public.collection_fields (id, collection_id, reference_collection_id, name, key, type, "default", fillable, "order", hidden, is_computed, data, is_published, tenant_id, created_at, updated_at, deleted_at) VALUES ('b7f277f1-02fa-42fa-89cf-33cd7bb72240'::uuid, coll_id, NULL, 'Tenant ID', 'tenant_id', 'text', NULL, true, 8, true, false, '{}'::jsonb, false, tid, now(), now(), NULL);
  INSERT INTO public.collection_fields (id, collection_id, reference_collection_id, name, key, type, "default", fillable, "order", hidden, is_computed, data, is_published, tenant_id, created_at, updated_at, deleted_at) VALUES ('7c081091-8f7a-4743-b412-936aabd10a7e'::uuid, coll_id, NULL, 'Tenant Slug', 'tenant_slug', 'text', NULL, true, 9, true, false, '{}'::jsonb, false, tid, now(), now(), NULL);
  INSERT INTO public.collection_fields (id, collection_id, reference_collection_id, name, key, type, "default", fillable, "order", hidden, is_computed, data, is_published, tenant_id, created_at, updated_at, deleted_at) VALUES ('f1b5777b-a3d5-440d-a35b-819a804e2978'::uuid, coll_id, NULL, 'Created Date', 'created_at', 'date', NULL, false, 10, false, false, '{}'::jsonb, false, tid, now(), now(), NULL);
  INSERT INTO public.collection_fields (id, collection_id, reference_collection_id, name, key, type, "default", fillable, "order", hidden, is_computed, data, is_published, tenant_id, created_at, updated_at, deleted_at) VALUES ('570caa53-5753-4f38-859c-1c655629bde9'::uuid, coll_id, NULL, 'Updated Date', 'updated_at', 'date', NULL, false, 11, false, false, '{}'::jsonb, false, tid, now(), now(), NULL);
  item_id := gen_random_uuid();
  INSERT INTO public.collection_items (id, collection_id, manual_order, is_publishable, is_published, tenant_id, created_at, updated_at, deleted_at) VALUES (item_id, coll_id, 1, true, false, tid, now(), now(), NULL);
  INSERT INTO public.collection_item_values (id, item_id, field_id, value, is_published, tenant_id, created_at, updated_at, deleted_at) VALUES (gen_random_uuid(), item_id, 'cb5bee63-104e-4e53-b9f2-c487ad0ad466'::uuid, '1', false, tid, now(), now(), NULL);
  INSERT INTO public.collection_item_values (id, item_id, field_id, value, is_published, tenant_id, created_at, updated_at, deleted_at) VALUES (gen_random_uuid(), item_id, 'f1b5777b-a3d5-440d-a35b-819a804e2978'::uuid, '2026-03-29T13:15:16.620Z', false, tid, now(), now(), NULL);
  INSERT INTO public.collection_item_values (id, item_id, field_id, value, is_published, tenant_id, created_at, updated_at, deleted_at) VALUES (gen_random_uuid(), item_id, '570caa53-5753-4f38-859c-1c655629bde9'::uuid, '2026-03-29T13:15:16.620Z', false, tid, now(), now(), NULL);
  INSERT INTO public.collection_item_values (id, item_id, field_id, value, is_published, tenant_id, created_at, updated_at, deleted_at) VALUES (gen_random_uuid(), item_id, 'd21f751d-9c50-4d51-9b2f-4b45c2ff3895'::uuid, 'Welcome — new to the centre?', false, tid, now(), now(), NULL);
  INSERT INTO public.collection_item_values (id, item_id, field_id, value, is_published, tenant_id, created_at, updated_at, deleted_at) VALUES (gen_random_uuid(), item_id, '2d7e130d-7cb7-45b4-b198-280db5969795'::uuid, 'welcome-new-to-the-centre', false, tid, now(), now(), NULL);
  INSERT INTO public.collection_item_values (id, item_id, field_id, value, is_published, tenant_id, created_at, updated_at, deleted_at) VALUES (gen_random_uuid(), item_id, '0ff536f1-7bdf-4371-8b77-bcda89afd1d2'::uuid, '2026-03-29', false, tid, now(), now(), NULL);
  INSERT INTO public.collection_item_values (id, item_id, field_id, value, is_published, tenant_id, created_at, updated_at, deleted_at) VALUES (gen_random_uuid(), item_id, '4a065863-570f-4ed9-b5d3-ce969f469247'::uuid, 'We are glad you are here. Here is what to expect on your first visit and how to find the prayer hall.', false, tid, now(), now(), NULL);
  INSERT INTO public.collection_item_values (id, item_id, field_id, value, is_published, tenant_id, created_at, updated_at, deleted_at) VALUES (gen_random_uuid(), item_id, 'f4bf761a-8819-430a-8430-44791713644d'::uuid, '{"type":"doc","content":[{"type":"paragraph","content":[{"type":"text","text":"If you are visiting for the first time, you are welcome to join us for prayer and to ask questions at the office. Please dress modestly and arrive a few minutes before the prayer time so you can find a place comfortably. Jumu‘ah is especially busy — allow extra time for parking."}]}]}', false, tid, now(), now(), NULL);
  INSERT INTO public.collection_item_values (id, item_id, field_id, value, is_published, tenant_id, created_at, updated_at, deleted_at) VALUES (gen_random_uuid(), item_id, '776750d4-6ebe-4cf7-b520-1464ab695b77'::uuid, 'true', false, tid, now(), now(), NULL);
  item_id := gen_random_uuid();
  INSERT INTO public.collection_items (id, collection_id, manual_order, is_publishable, is_published, tenant_id, created_at, updated_at, deleted_at) VALUES (item_id, coll_id, 2, true, false, tid, now(), now(), NULL);
  INSERT INTO public.collection_item_values (id, item_id, field_id, value, is_published, tenant_id, created_at, updated_at, deleted_at) VALUES (gen_random_uuid(), item_id, 'cb5bee63-104e-4e53-b9f2-c487ad0ad466'::uuid, '2', false, tid, now(), now(), NULL);
  INSERT INTO public.collection_item_values (id, item_id, field_id, value, is_published, tenant_id, created_at, updated_at, deleted_at) VALUES (gen_random_uuid(), item_id, 'f1b5777b-a3d5-440d-a35b-819a804e2978'::uuid, '2026-03-29T13:15:16.620Z', false, tid, now(), now(), NULL);
  INSERT INTO public.collection_item_values (id, item_id, field_id, value, is_published, tenant_id, created_at, updated_at, deleted_at) VALUES (gen_random_uuid(), item_id, '570caa53-5753-4f38-859c-1c655629bde9'::uuid, '2026-03-29T13:15:16.620Z', false, tid, now(), now(), NULL);
  INSERT INTO public.collection_item_values (id, item_id, field_id, value, is_published, tenant_id, created_at, updated_at, deleted_at) VALUES (gen_random_uuid(), item_id, 'd21f751d-9c50-4d51-9b2f-4b45c2ff3895'::uuid, 'Friday sermon & prayer', false, tid, now(), now(), NULL);
  INSERT INTO public.collection_item_values (id, item_id, field_id, value, is_published, tenant_id, created_at, updated_at, deleted_at) VALUES (gen_random_uuid(), item_id, '2d7e130d-7cb7-45b4-b198-280db5969795'::uuid, 'friday-sermon-prayer', false, tid, now(), now(), NULL);
  INSERT INTO public.collection_item_values (id, item_id, field_id, value, is_published, tenant_id, created_at, updated_at, deleted_at) VALUES (gen_random_uuid(), item_id, '0ff536f1-7bdf-4371-8b77-bcda89afd1d2'::uuid, '2026-03-29', false, tid, now(), now(), NULL);
  INSERT INTO public.collection_item_values (id, item_id, field_id, value, is_published, tenant_id, created_at, updated_at, deleted_at) VALUES (gen_random_uuid(), item_id, '4a065863-570f-4ed9-b5d3-ce969f469247'::uuid, 'Khutbah begins shortly before the prayer; doors open earlier for quiet reflection.', false, tid, now(), now(), NULL);
  INSERT INTO public.collection_item_values (id, item_id, field_id, value, is_published, tenant_id, created_at, updated_at, deleted_at) VALUES (gen_random_uuid(), item_id, 'f4bf761a-8819-430a-8430-44791713644d'::uuid, '{"type":"doc","content":[{"type":"paragraph","content":[{"type":"text","text":"Jumu‘ah is a special gathering for the community. The khutbah usually begins around fifteen to twenty minutes before the adhan for Zuhr, but times can vary seasonally — check the weekly timetable. Visitors are welcome; please follow steward directions during busy periods."}]}]}', false, tid, now(), now(), NULL);
  INSERT INTO public.collection_item_values (id, item_id, field_id, value, is_published, tenant_id, created_at, updated_at, deleted_at) VALUES (gen_random_uuid(), item_id, '776750d4-6ebe-4cf7-b520-1464ab695b77'::uuid, 'true', false, tid, now(), now(), NULL);
  item_id := gen_random_uuid();
  INSERT INTO public.collection_items (id, collection_id, manual_order, is_publishable, is_published, tenant_id, created_at, updated_at, deleted_at) VALUES (item_id, coll_id, 3, true, false, tid, now(), now(), NULL);
  INSERT INTO public.collection_item_values (id, item_id, field_id, value, is_published, tenant_id, created_at, updated_at, deleted_at) VALUES (gen_random_uuid(), item_id, 'cb5bee63-104e-4e53-b9f2-c487ad0ad466'::uuid, '3', false, tid, now(), now(), NULL);
  INSERT INTO public.collection_item_values (id, item_id, field_id, value, is_published, tenant_id, created_at, updated_at, deleted_at) VALUES (gen_random_uuid(), item_id, 'f1b5777b-a3d5-440d-a35b-819a804e2978'::uuid, '2026-03-29T13:15:16.620Z', false, tid, now(), now(), NULL);
  INSERT INTO public.collection_item_values (id, item_id, field_id, value, is_published, tenant_id, created_at, updated_at, deleted_at) VALUES (gen_random_uuid(), item_id, '570caa53-5753-4f38-859c-1c655629bde9'::uuid, '2026-03-29T13:15:16.620Z', false, tid, now(), now(), NULL);
  INSERT INTO public.collection_item_values (id, item_id, field_id, value, is_published, tenant_id, created_at, updated_at, deleted_at) VALUES (gen_random_uuid(), item_id, 'd21f751d-9c50-4d51-9b2f-4b45c2ff3895'::uuid, 'Ramadan and community iftar', false, tid, now(), now(), NULL);
  INSERT INTO public.collection_item_values (id, item_id, field_id, value, is_published, tenant_id, created_at, updated_at, deleted_at) VALUES (gen_random_uuid(), item_id, '2d7e130d-7cb7-45b4-b198-280db5969795'::uuid, 'ramadan-community-iftar', false, tid, now(), now(), NULL);
  INSERT INTO public.collection_item_values (id, item_id, field_id, value, is_published, tenant_id, created_at, updated_at, deleted_at) VALUES (gen_random_uuid(), item_id, '0ff536f1-7bdf-4371-8b77-bcda89afd1d2'::uuid, '2026-03-29', false, tid, now(), now(), NULL);
  INSERT INTO public.collection_item_values (id, item_id, field_id, value, is_published, tenant_id, created_at, updated_at, deleted_at) VALUES (gen_random_uuid(), item_id, '4a065863-570f-4ed9-b5d3-ce969f469247'::uuid, 'During Ramadan we share updated timetables, taraweeh arrangements, and charity appeals.', false, tid, now(), now(), NULL);
  INSERT INTO public.collection_item_values (id, item_id, field_id, value, is_published, tenant_id, created_at, updated_at, deleted_at) VALUES (gen_random_uuid(), item_id, 'f4bf761a-8819-430a-8430-44791713644d'::uuid, '{"type":"doc","content":[{"type":"paragraph","content":[{"type":"text","text":"Ramadan is a blessed month for fasting, prayer, and charity. We publish a daily timetable for imsak, fajr, maghrib, and taraweeh. Community iftars may be organised on selected dates — registration or tickets may be required when capacity is limited. Zakat and sadaqah can usually be given at the office or online where available."}]}]}', false, tid, now(), now(), NULL);
  INSERT INTO public.collection_item_values (id, item_id, field_id, value, is_published, tenant_id, created_at, updated_at, deleted_at) VALUES (gen_random_uuid(), item_id, '776750d4-6ebe-4cf7-b520-1464ab695b77'::uuid, 'false', false, tid, now(), now(), NULL);
  item_id := gen_random_uuid();
  INSERT INTO public.collection_items (id, collection_id, manual_order, is_publishable, is_published, tenant_id, created_at, updated_at, deleted_at) VALUES (item_id, coll_id, 4, true, false, tid, now(), now(), NULL);
  INSERT INTO public.collection_item_values (id, item_id, field_id, value, is_published, tenant_id, created_at, updated_at, deleted_at) VALUES (gen_random_uuid(), item_id, 'cb5bee63-104e-4e53-b9f2-c487ad0ad466'::uuid, '4', false, tid, now(), now(), NULL);
  INSERT INTO public.collection_item_values (id, item_id, field_id, value, is_published, tenant_id, created_at, updated_at, deleted_at) VALUES (gen_random_uuid(), item_id, 'f1b5777b-a3d5-440d-a35b-819a804e2978'::uuid, '2026-03-29T13:15:16.620Z', false, tid, now(), now(), NULL);
  INSERT INTO public.collection_item_values (id, item_id, field_id, value, is_published, tenant_id, created_at, updated_at, deleted_at) VALUES (gen_random_uuid(), item_id, '570caa53-5753-4f38-859c-1c655629bde9'::uuid, '2026-03-29T13:15:16.620Z', false, tid, now(), now(), NULL);
  INSERT INTO public.collection_item_values (id, item_id, field_id, value, is_published, tenant_id, created_at, updated_at, deleted_at) VALUES (gen_random_uuid(), item_id, 'd21f751d-9c50-4d51-9b2f-4b45c2ff3895'::uuid, 'Safeguarding and respectful conduct', false, tid, now(), now(), NULL);
  INSERT INTO public.collection_item_values (id, item_id, field_id, value, is_published, tenant_id, created_at, updated_at, deleted_at) VALUES (gen_random_uuid(), item_id, '2d7e130d-7cb7-45b4-b198-280db5969795'::uuid, 'safeguarding-respectful-conduct', false, tid, now(), now(), NULL);
  INSERT INTO public.collection_item_values (id, item_id, field_id, value, is_published, tenant_id, created_at, updated_at, deleted_at) VALUES (gen_random_uuid(), item_id, '0ff536f1-7bdf-4371-8b77-bcda89afd1d2'::uuid, '2026-03-29', false, tid, now(), now(), NULL);
  INSERT INTO public.collection_item_values (id, item_id, field_id, value, is_published, tenant_id, created_at, updated_at, deleted_at) VALUES (gen_random_uuid(), item_id, '4a065863-570f-4ed9-b5d3-ce969f469247'::uuid, 'We are committed to a safe environment for all ages. Report concerns to the trustees or designated officer.', false, tid, now(), now(), NULL);
  INSERT INTO public.collection_item_values (id, item_id, field_id, value, is_published, tenant_id, created_at, updated_at, deleted_at) VALUES (gen_random_uuid(), item_id, 'f4bf761a-8819-430a-8430-44791713644d'::uuid, '{"type":"doc","content":[{"type":"paragraph","content":[{"type":"text","text":"Our centre is a place of worship and learning for families. We ask everyone to keep speech and behaviour respectful, especially around children and vulnerable adults. If you have a safeguarding concern, please speak to a trustee or use the contact details displayed on the notice board."}]}]}', false, tid, now(), now(), NULL);
  INSERT INTO public.collection_item_values (id, item_id, field_id, value, is_published, tenant_id, created_at, updated_at, deleted_at) VALUES (gen_random_uuid(), item_id, '776750d4-6ebe-4cf7-b520-1464ab695b77'::uuid, 'false', false, tid, now(), now(), NULL);
  coll_id := gen_random_uuid();
  INSERT INTO public.collections (id, uuid, name, "order", is_published, tenant_id, created_at, updated_at, deleted_at) VALUES (coll_id, gen_random_uuid(), 'Events', 1, false, tid, now(), now(), NULL);
  INSERT INTO public.collection_fields (id, collection_id, reference_collection_id, name, key, type, "default", fillable, "order", hidden, is_computed, data, is_published, tenant_id, created_at, updated_at, deleted_at) VALUES ('4e4aae04-c453-42cb-9028-26e973b3e8bb'::uuid, coll_id, NULL, 'ID', 'id', 'number', NULL, false, 0, false, false, '{}'::jsonb, false, tid, now(), now(), NULL);
  INSERT INTO public.collection_fields (id, collection_id, reference_collection_id, name, key, type, "default", fillable, "order", hidden, is_computed, data, is_published, tenant_id, created_at, updated_at, deleted_at) VALUES ('54a634dd-f081-42a0-a63f-2dd84778566d'::uuid, coll_id, NULL, 'Status', 'status', 'status', NULL, false, 1, false, true, '{}'::jsonb, false, tid, now(), now(), NULL);
  INSERT INTO public.collection_fields (id, collection_id, reference_collection_id, name, key, type, "default", fillable, "order", hidden, is_computed, data, is_published, tenant_id, created_at, updated_at, deleted_at) VALUES ('2fb7f3ea-be2c-4e38-8600-65f9bb4e91b0'::uuid, coll_id, NULL, 'Name', 'name', 'text', NULL, true, 2, false, false, '{}'::jsonb, false, tid, now(), now(), NULL);
  INSERT INTO public.collection_fields (id, collection_id, reference_collection_id, name, key, type, "default", fillable, "order", hidden, is_computed, data, is_published, tenant_id, created_at, updated_at, deleted_at) VALUES ('9c4c0ba2-3e40-4621-be6e-329d4bfad0c5'::uuid, coll_id, NULL, 'Slug', 'slug', 'text', NULL, true, 3, false, false, '{}'::jsonb, false, tid, now(), now(), NULL);
  INSERT INTO public.collection_fields (id, collection_id, reference_collection_id, name, key, type, "default", fillable, "order", hidden, is_computed, data, is_published, tenant_id, created_at, updated_at, deleted_at) VALUES ('6f94e71f-0b6d-49e1-813b-d5a938dd60f7'::uuid, coll_id, NULL, 'Starts', 'starts_at', 'date', NULL, true, 4, false, false, '{}'::jsonb, false, tid, now(), now(), NULL);
  INSERT INTO public.collection_fields (id, collection_id, reference_collection_id, name, key, type, "default", fillable, "order", hidden, is_computed, data, is_published, tenant_id, created_at, updated_at, deleted_at) VALUES ('3feddace-a66b-4bcd-8d91-8ca75268156f'::uuid, coll_id, NULL, 'Ends', 'ends_at', 'date', NULL, true, 5, false, false, '{}'::jsonb, false, tid, now(), now(), NULL);
  INSERT INTO public.collection_fields (id, collection_id, reference_collection_id, name, key, type, "default", fillable, "order", hidden, is_computed, data, is_published, tenant_id, created_at, updated_at, deleted_at) VALUES ('e7a81210-aaf3-442c-8bab-6a386bf517e4'::uuid, coll_id, NULL, 'Venue', 'venue', 'text', NULL, true, 6, false, false, '{}'::jsonb, false, tid, now(), now(), NULL);
  INSERT INTO public.collection_fields (id, collection_id, reference_collection_id, name, key, type, "default", fillable, "order", hidden, is_computed, data, is_published, tenant_id, created_at, updated_at, deleted_at) VALUES ('9910adbd-53a4-45c1-be8b-c1fcff395828'::uuid, coll_id, NULL, 'Details', 'details', 'rich_text', NULL, true, 7, false, false, '{}'::jsonb, false, tid, now(), now(), NULL);
  INSERT INTO public.collection_fields (id, collection_id, reference_collection_id, name, key, type, "default", fillable, "order", hidden, is_computed, data, is_published, tenant_id, created_at, updated_at, deleted_at) VALUES ('c76d7dbf-fd0f-4cdd-a63d-9938ff630b6e'::uuid, coll_id, NULL, 'Tenant ID', 'tenant_id', 'text', NULL, true, 8, true, false, '{}'::jsonb, false, tid, now(), now(), NULL);
  INSERT INTO public.collection_fields (id, collection_id, reference_collection_id, name, key, type, "default", fillable, "order", hidden, is_computed, data, is_published, tenant_id, created_at, updated_at, deleted_at) VALUES ('11c452cd-7dea-472b-b62a-5b447a25b73e'::uuid, coll_id, NULL, 'Tenant Slug', 'tenant_slug', 'text', NULL, true, 9, true, false, '{}'::jsonb, false, tid, now(), now(), NULL);
  INSERT INTO public.collection_fields (id, collection_id, reference_collection_id, name, key, type, "default", fillable, "order", hidden, is_computed, data, is_published, tenant_id, created_at, updated_at, deleted_at) VALUES ('bd8c1288-a49e-408e-a825-75d8c1f69d64'::uuid, coll_id, NULL, 'Created Date', 'created_at', 'date', NULL, false, 10, false, false, '{}'::jsonb, false, tid, now(), now(), NULL);
  INSERT INTO public.collection_fields (id, collection_id, reference_collection_id, name, key, type, "default", fillable, "order", hidden, is_computed, data, is_published, tenant_id, created_at, updated_at, deleted_at) VALUES ('d8f91298-bc05-4a03-b985-155fda26a000'::uuid, coll_id, NULL, 'Updated Date', 'updated_at', 'date', NULL, false, 11, false, false, '{}'::jsonb, false, tid, now(), now(), NULL);
  item_id := gen_random_uuid();
  INSERT INTO public.collection_items (id, collection_id, manual_order, is_publishable, is_published, tenant_id, created_at, updated_at, deleted_at) VALUES (item_id, coll_id, 1, true, false, tid, now(), now(), NULL);
  INSERT INTO public.collection_item_values (id, item_id, field_id, value, is_published, tenant_id, created_at, updated_at, deleted_at) VALUES (gen_random_uuid(), item_id, '4e4aae04-c453-42cb-9028-26e973b3e8bb'::uuid, '1', false, tid, now(), now(), NULL);
  INSERT INTO public.collection_item_values (id, item_id, field_id, value, is_published, tenant_id, created_at, updated_at, deleted_at) VALUES (gen_random_uuid(), item_id, 'bd8c1288-a49e-408e-a825-75d8c1f69d64'::uuid, '2026-03-29T13:15:16.620Z', false, tid, now(), now(), NULL);
  INSERT INTO public.collection_item_values (id, item_id, field_id, value, is_published, tenant_id, created_at, updated_at, deleted_at) VALUES (gen_random_uuid(), item_id, 'd8f91298-bc05-4a03-b985-155fda26a000'::uuid, '2026-03-29T13:15:16.620Z', false, tid, now(), now(), NULL);
  INSERT INTO public.collection_item_values (id, item_id, field_id, value, is_published, tenant_id, created_at, updated_at, deleted_at) VALUES (gen_random_uuid(), item_id, '2fb7f3ea-be2c-4e38-8600-65f9bb4e91b0'::uuid, 'New Muslims coffee morning', false, tid, now(), now(), NULL);
  INSERT INTO public.collection_item_values (id, item_id, field_id, value, is_published, tenant_id, created_at, updated_at, deleted_at) VALUES (gen_random_uuid(), item_id, '9c4c0ba2-3e40-4621-be6e-329d4bfad0c5'::uuid, 'new-muslims-coffee-morning', false, tid, now(), now(), NULL);
  INSERT INTO public.collection_item_values (id, item_id, field_id, value, is_published, tenant_id, created_at, updated_at, deleted_at) VALUES (gen_random_uuid(), item_id, '6f94e71f-0b6d-49e1-813b-d5a938dd60f7'::uuid, '2026-03-29', false, tid, now(), now(), NULL);
  INSERT INTO public.collection_item_values (id, item_id, field_id, value, is_published, tenant_id, created_at, updated_at, deleted_at) VALUES (gen_random_uuid(), item_id, '3feddace-a66b-4bcd-8d91-8ca75268156f'::uuid, '2026-03-29', false, tid, now(), now(), NULL);
  INSERT INTO public.collection_item_values (id, item_id, field_id, value, is_published, tenant_id, created_at, updated_at, deleted_at) VALUES (gen_random_uuid(), item_id, 'e7a81210-aaf3-442c-8bab-6a386bf517e4'::uuid, 'Community room', false, tid, now(), now(), NULL);
  INSERT INTO public.collection_item_values (id, item_id, field_id, value, is_published, tenant_id, created_at, updated_at, deleted_at) VALUES (gen_random_uuid(), item_id, '9910adbd-53a4-45c1-be8b-c1fcff395828'::uuid, '{"type":"doc","content":[{"type":"paragraph","content":[{"type":"text","text":"A relaxed morning for new Muslims and friends to meet, ask questions, and hear short reminders. Tea and refreshments provided. All welcome; no booking required unless stated on the poster."}]}]}', false, tid, now(), now(), NULL);
  item_id := gen_random_uuid();
  INSERT INTO public.collection_items (id, collection_id, manual_order, is_publishable, is_published, tenant_id, created_at, updated_at, deleted_at) VALUES (item_id, coll_id, 2, true, false, tid, now(), now(), NULL);
  INSERT INTO public.collection_item_values (id, item_id, field_id, value, is_published, tenant_id, created_at, updated_at, deleted_at) VALUES (gen_random_uuid(), item_id, '4e4aae04-c453-42cb-9028-26e973b3e8bb'::uuid, '2', false, tid, now(), now(), NULL);
  INSERT INTO public.collection_item_values (id, item_id, field_id, value, is_published, tenant_id, created_at, updated_at, deleted_at) VALUES (gen_random_uuid(), item_id, 'bd8c1288-a49e-408e-a825-75d8c1f69d64'::uuid, '2026-03-29T13:15:16.620Z', false, tid, now(), now(), NULL);
  INSERT INTO public.collection_item_values (id, item_id, field_id, value, is_published, tenant_id, created_at, updated_at, deleted_at) VALUES (gen_random_uuid(), item_id, 'd8f91298-bc05-4a03-b985-155fda26a000'::uuid, '2026-03-29T13:15:16.620Z', false, tid, now(), now(), NULL);
  INSERT INTO public.collection_item_values (id, item_id, field_id, value, is_published, tenant_id, created_at, updated_at, deleted_at) VALUES (gen_random_uuid(), item_id, '2fb7f3ea-be2c-4e38-8600-65f9bb4e91b0'::uuid, 'Youth halaqah (ages 12–18)', false, tid, now(), now(), NULL);
  INSERT INTO public.collection_item_values (id, item_id, field_id, value, is_published, tenant_id, created_at, updated_at, deleted_at) VALUES (gen_random_uuid(), item_id, '9c4c0ba2-3e40-4621-be6e-329d4bfad0c5'::uuid, 'youth-halaqah', false, tid, now(), now(), NULL);
  INSERT INTO public.collection_item_values (id, item_id, field_id, value, is_published, tenant_id, created_at, updated_at, deleted_at) VALUES (gen_random_uuid(), item_id, '6f94e71f-0b6d-49e1-813b-d5a938dd60f7'::uuid, '2026-03-29', false, tid, now(), now(), NULL);
  INSERT INTO public.collection_item_values (id, item_id, field_id, value, is_published, tenant_id, created_at, updated_at, deleted_at) VALUES (gen_random_uuid(), item_id, '3feddace-a66b-4bcd-8d91-8ca75268156f'::uuid, '2026-03-29', false, tid, now(), now(), NULL);
  INSERT INTO public.collection_item_values (id, item_id, field_id, value, is_published, tenant_id, created_at, updated_at, deleted_at) VALUES (gen_random_uuid(), item_id, 'e7a81210-aaf3-442c-8bab-6a386bf517e4'::uuid, 'Upper hall', false, tid, now(), now(), NULL);
  INSERT INTO public.collection_item_values (id, item_id, field_id, value, is_published, tenant_id, created_at, updated_at, deleted_at) VALUES (gen_random_uuid(), item_id, '9910adbd-53a4-45c1-be8b-c1fcff395828'::uuid, '{"type":"doc","content":[{"type":"paragraph","content":[{"type":"text","text":"Weekly discussion for secondary-school age young people, led by trusted volunteers. Topics include character, prayer, and navigating school life with faith. Parents can register interest at the office."}]}]}', false, tid, now(), now(), NULL);
  item_id := gen_random_uuid();
  INSERT INTO public.collection_items (id, collection_id, manual_order, is_publishable, is_published, tenant_id, created_at, updated_at, deleted_at) VALUES (item_id, coll_id, 3, true, false, tid, now(), now(), NULL);
  INSERT INTO public.collection_item_values (id, item_id, field_id, value, is_published, tenant_id, created_at, updated_at, deleted_at) VALUES (gen_random_uuid(), item_id, '4e4aae04-c453-42cb-9028-26e973b3e8bb'::uuid, '3', false, tid, now(), now(), NULL);
  INSERT INTO public.collection_item_values (id, item_id, field_id, value, is_published, tenant_id, created_at, updated_at, deleted_at) VALUES (gen_random_uuid(), item_id, 'bd8c1288-a49e-408e-a825-75d8c1f69d64'::uuid, '2026-03-29T13:15:16.620Z', false, tid, now(), now(), NULL);
  INSERT INTO public.collection_item_values (id, item_id, field_id, value, is_published, tenant_id, created_at, updated_at, deleted_at) VALUES (gen_random_uuid(), item_id, 'd8f91298-bc05-4a03-b985-155fda26a000'::uuid, '2026-03-29T13:15:16.620Z', false, tid, now(), now(), NULL);
  INSERT INTO public.collection_item_values (id, item_id, field_id, value, is_published, tenant_id, created_at, updated_at, deleted_at) VALUES (gen_random_uuid(), item_id, '2fb7f3ea-be2c-4e38-8600-65f9bb4e91b0'::uuid, 'Weekend Arabic & Qur’an class', false, tid, now(), now(), NULL);
  INSERT INTO public.collection_item_values (id, item_id, field_id, value, is_published, tenant_id, created_at, updated_at, deleted_at) VALUES (gen_random_uuid(), item_id, '9c4c0ba2-3e40-4621-be6e-329d4bfad0c5'::uuid, 'weekend-arabic-quran', false, tid, now(), now(), NULL);
  INSERT INTO public.collection_item_values (id, item_id, field_id, value, is_published, tenant_id, created_at, updated_at, deleted_at) VALUES (gen_random_uuid(), item_id, '6f94e71f-0b6d-49e1-813b-d5a938dd60f7'::uuid, '2026-03-29', false, tid, now(), now(), NULL);
  INSERT INTO public.collection_item_values (id, item_id, field_id, value, is_published, tenant_id, created_at, updated_at, deleted_at) VALUES (gen_random_uuid(), item_id, '3feddace-a66b-4bcd-8d91-8ca75268156f'::uuid, '2026-03-29', false, tid, now(), now(), NULL);
  INSERT INTO public.collection_item_values (id, item_id, field_id, value, is_published, tenant_id, created_at, updated_at, deleted_at) VALUES (gen_random_uuid(), item_id, 'e7a81210-aaf3-442c-8bab-6a386bf517e4'::uuid, 'Education suite', false, tid, now(), now(), NULL);
  INSERT INTO public.collection_item_values (id, item_id, field_id, value, is_published, tenant_id, created_at, updated_at, deleted_at) VALUES (gen_random_uuid(), item_id, '9910adbd-53a4-45c1-be8b-c1fcff395828'::uuid, '{"type":"doc","content":[{"type":"paragraph","content":[{"type":"text","text":"Structured levels for children and a separate stream for adults. Term dates follow local school holidays. Enrolment forms are available online or at reception."}]}]}', false, tid, now(), now(), NULL);
  item_id := gen_random_uuid();
  INSERT INTO public.collection_items (id, collection_id, manual_order, is_publishable, is_published, tenant_id, created_at, updated_at, deleted_at) VALUES (item_id, coll_id, 4, true, false, tid, now(), now(), NULL);
  INSERT INTO public.collection_item_values (id, item_id, field_id, value, is_published, tenant_id, created_at, updated_at, deleted_at) VALUES (gen_random_uuid(), item_id, '4e4aae04-c453-42cb-9028-26e973b3e8bb'::uuid, '4', false, tid, now(), now(), NULL);
  INSERT INTO public.collection_item_values (id, item_id, field_id, value, is_published, tenant_id, created_at, updated_at, deleted_at) VALUES (gen_random_uuid(), item_id, 'bd8c1288-a49e-408e-a825-75d8c1f69d64'::uuid, '2026-03-29T13:15:16.621Z', false, tid, now(), now(), NULL);
  INSERT INTO public.collection_item_values (id, item_id, field_id, value, is_published, tenant_id, created_at, updated_at, deleted_at) VALUES (gen_random_uuid(), item_id, 'd8f91298-bc05-4a03-b985-155fda26a000'::uuid, '2026-03-29T13:15:16.621Z', false, tid, now(), now(), NULL);
  INSERT INTO public.collection_item_values (id, item_id, field_id, value, is_published, tenant_id, created_at, updated_at, deleted_at) VALUES (gen_random_uuid(), item_id, '2fb7f3ea-be2c-4e38-8600-65f9bb4e91b0'::uuid, 'Health awareness drop-in', false, tid, now(), now(), NULL);
  INSERT INTO public.collection_item_values (id, item_id, field_id, value, is_published, tenant_id, created_at, updated_at, deleted_at) VALUES (gen_random_uuid(), item_id, '9c4c0ba2-3e40-4621-be6e-329d4bfad0c5'::uuid, 'health-awareness-drop-in', false, tid, now(), now(), NULL);
  INSERT INTO public.collection_item_values (id, item_id, field_id, value, is_published, tenant_id, created_at, updated_at, deleted_at) VALUES (gen_random_uuid(), item_id, '6f94e71f-0b6d-49e1-813b-d5a938dd60f7'::uuid, '2026-03-29', false, tid, now(), now(), NULL);
  INSERT INTO public.collection_item_values (id, item_id, field_id, value, is_published, tenant_id, created_at, updated_at, deleted_at) VALUES (gen_random_uuid(), item_id, '3feddace-a66b-4bcd-8d91-8ca75268156f'::uuid, '2026-03-29', false, tid, now(), now(), NULL);
  INSERT INTO public.collection_item_values (id, item_id, field_id, value, is_published, tenant_id, created_at, updated_at, deleted_at) VALUES (gen_random_uuid(), item_id, 'e7a81210-aaf3-442c-8bab-6a386bf517e4'::uuid, 'Main hall foyer', false, tid, now(), now(), NULL);
  INSERT INTO public.collection_item_values (id, item_id, field_id, value, is_published, tenant_id, created_at, updated_at, deleted_at) VALUES (gen_random_uuid(), item_id, '9910adbd-53a4-45c1-be8b-c1fcff395828'::uuid, '{"type":"doc","content":[{"type":"paragraph","content":[{"type":"text","text":"Volunteer health advocates share information on diet, mental well-being, and NHS screening. Not a substitute for medical advice — please see your GP for personal concerns."}]}]}', false, tid, now(), now(), NULL);
  coll_id := gen_random_uuid();
  INSERT INTO public.collections (id, uuid, name, "order", is_published, tenant_id, created_at, updated_at, deleted_at) VALUES (coll_id, gen_random_uuid(), 'Weekly programme', 2, false, tid, now(), now(), NULL);
  INSERT INTO public.collection_fields (id, collection_id, reference_collection_id, name, key, type, "default", fillable, "order", hidden, is_computed, data, is_published, tenant_id, created_at, updated_at, deleted_at) VALUES ('7411e58b-507f-414c-b50a-4f6c8d8193fc'::uuid, coll_id, NULL, 'ID', 'id', 'number', NULL, false, 0, false, false, '{}'::jsonb, false, tid, now(), now(), NULL);
  INSERT INTO public.collection_fields (id, collection_id, reference_collection_id, name, key, type, "default", fillable, "order", hidden, is_computed, data, is_published, tenant_id, created_at, updated_at, deleted_at) VALUES ('dcba6e2e-c991-45bc-a43a-860a08a36497'::uuid, coll_id, NULL, 'Status', 'status', 'status', NULL, false, 1, false, true, '{}'::jsonb, false, tid, now(), now(), NULL);
  INSERT INTO public.collection_fields (id, collection_id, reference_collection_id, name, key, type, "default", fillable, "order", hidden, is_computed, data, is_published, tenant_id, created_at, updated_at, deleted_at) VALUES ('af45e6e5-5460-422c-a4e2-7ff45f64044a'::uuid, coll_id, NULL, 'Name', 'name', 'text', NULL, true, 2, false, false, '{}'::jsonb, false, tid, now(), now(), NULL);
  INSERT INTO public.collection_fields (id, collection_id, reference_collection_id, name, key, type, "default", fillable, "order", hidden, is_computed, data, is_published, tenant_id, created_at, updated_at, deleted_at) VALUES ('c8eaf027-b415-4d4f-9c10-3fc7c1f0e46b'::uuid, coll_id, NULL, 'Slug', 'slug', 'text', NULL, true, 3, false, false, '{}'::jsonb, false, tid, now(), now(), NULL);
  INSERT INTO public.collection_fields (id, collection_id, reference_collection_id, name, key, type, "default", fillable, "order", hidden, is_computed, data, is_published, tenant_id, created_at, updated_at, deleted_at) VALUES ('d464ae4f-1cab-49e7-abcc-2fb8aff29092'::uuid, coll_id, NULL, 'Day', 'day_label', 'text', NULL, true, 4, false, false, '{}'::jsonb, false, tid, now(), now(), NULL);
  INSERT INTO public.collection_fields (id, collection_id, reference_collection_id, name, key, type, "default", fillable, "order", hidden, is_computed, data, is_published, tenant_id, created_at, updated_at, deleted_at) VALUES ('6c989c68-2b2d-4179-9579-d3fd615c25ed'::uuid, coll_id, NULL, 'Time', 'time_range', 'text', NULL, true, 5, false, false, '{}'::jsonb, false, tid, now(), now(), NULL);
  INSERT INTO public.collection_fields (id, collection_id, reference_collection_id, name, key, type, "default", fillable, "order", hidden, is_computed, data, is_published, tenant_id, created_at, updated_at, deleted_at) VALUES ('30e2df45-441d-4f1e-b586-50fbff9dcc53'::uuid, coll_id, NULL, 'Details', 'details', 'rich_text', NULL, true, 6, false, false, '{}'::jsonb, false, tid, now(), now(), NULL);
  INSERT INTO public.collection_fields (id, collection_id, reference_collection_id, name, key, type, "default", fillable, "order", hidden, is_computed, data, is_published, tenant_id, created_at, updated_at, deleted_at) VALUES ('eead378f-5064-4ac5-9399-13612307d565'::uuid, coll_id, NULL, 'Tenant ID', 'tenant_id', 'text', NULL, true, 7, true, false, '{}'::jsonb, false, tid, now(), now(), NULL);
  INSERT INTO public.collection_fields (id, collection_id, reference_collection_id, name, key, type, "default", fillable, "order", hidden, is_computed, data, is_published, tenant_id, created_at, updated_at, deleted_at) VALUES ('1fb7b68a-77c7-4e56-ab97-9390af75eac5'::uuid, coll_id, NULL, 'Tenant Slug', 'tenant_slug', 'text', NULL, true, 8, true, false, '{}'::jsonb, false, tid, now(), now(), NULL);
  INSERT INTO public.collection_fields (id, collection_id, reference_collection_id, name, key, type, "default", fillable, "order", hidden, is_computed, data, is_published, tenant_id, created_at, updated_at, deleted_at) VALUES ('9e73b50b-7850-47fb-97ff-1916d42aa0a7'::uuid, coll_id, NULL, 'Created Date', 'created_at', 'date', NULL, false, 9, false, false, '{}'::jsonb, false, tid, now(), now(), NULL);
  INSERT INTO public.collection_fields (id, collection_id, reference_collection_id, name, key, type, "default", fillable, "order", hidden, is_computed, data, is_published, tenant_id, created_at, updated_at, deleted_at) VALUES ('c8b80674-accd-41f1-94eb-ac119c5210c8'::uuid, coll_id, NULL, 'Updated Date', 'updated_at', 'date', NULL, false, 10, false, false, '{}'::jsonb, false, tid, now(), now(), NULL);
  item_id := gen_random_uuid();
  INSERT INTO public.collection_items (id, collection_id, manual_order, is_publishable, is_published, tenant_id, created_at, updated_at, deleted_at) VALUES (item_id, coll_id, 1, true, false, tid, now(), now(), NULL);
  INSERT INTO public.collection_item_values (id, item_id, field_id, value, is_published, tenant_id, created_at, updated_at, deleted_at) VALUES (gen_random_uuid(), item_id, '7411e58b-507f-414c-b50a-4f6c8d8193fc'::uuid, '1', false, tid, now(), now(), NULL);
  INSERT INTO public.collection_item_values (id, item_id, field_id, value, is_published, tenant_id, created_at, updated_at, deleted_at) VALUES (gen_random_uuid(), item_id, '9e73b50b-7850-47fb-97ff-1916d42aa0a7'::uuid, '2026-03-29T13:15:16.621Z', false, tid, now(), now(), NULL);
  INSERT INTO public.collection_item_values (id, item_id, field_id, value, is_published, tenant_id, created_at, updated_at, deleted_at) VALUES (gen_random_uuid(), item_id, 'c8b80674-accd-41f1-94eb-ac119c5210c8'::uuid, '2026-03-29T13:15:16.621Z', false, tid, now(), now(), NULL);
  INSERT INTO public.collection_item_values (id, item_id, field_id, value, is_published, tenant_id, created_at, updated_at, deleted_at) VALUES (gen_random_uuid(), item_id, 'af45e6e5-5460-422c-a4e2-7ff45f64044a'::uuid, 'Fajr — daily', false, tid, now(), now(), NULL);
  INSERT INTO public.collection_item_values (id, item_id, field_id, value, is_published, tenant_id, created_at, updated_at, deleted_at) VALUES (gen_random_uuid(), item_id, 'c8eaf027-b415-4d4f-9c10-3fc7c1f0e46b'::uuid, 'fajr-daily', false, tid, now(), now(), NULL);
  INSERT INTO public.collection_item_values (id, item_id, field_id, value, is_published, tenant_id, created_at, updated_at, deleted_at) VALUES (gen_random_uuid(), item_id, 'd464ae4f-1cab-49e7-abcc-2fb8aff29092'::uuid, 'Every day', false, tid, now(), now(), NULL);
  INSERT INTO public.collection_item_values (id, item_id, field_id, value, is_published, tenant_id, created_at, updated_at, deleted_at) VALUES (gen_random_uuid(), item_id, '6c989c68-2b2d-4179-9579-d3fd615c25ed'::uuid, 'See printed timetable', false, tid, now(), now(), NULL);
  INSERT INTO public.collection_item_values (id, item_id, field_id, value, is_published, tenant_id, created_at, updated_at, deleted_at) VALUES (gen_random_uuid(), item_id, '30e2df45-441d-4f1e-b586-50fbff9dcc53'::uuid, '{"type":"doc","content":[{"type":"paragraph","content":[{"type":"text","text":"Congregational prayer is held daily. Winter and summer times change with the seasons — use the official timetable from the centre or verified apps for your city."}]}]}', false, tid, now(), now(), NULL);
  item_id := gen_random_uuid();
  INSERT INTO public.collection_items (id, collection_id, manual_order, is_publishable, is_published, tenant_id, created_at, updated_at, deleted_at) VALUES (item_id, coll_id, 2, true, false, tid, now(), now(), NULL);
  INSERT INTO public.collection_item_values (id, item_id, field_id, value, is_published, tenant_id, created_at, updated_at, deleted_at) VALUES (gen_random_uuid(), item_id, '7411e58b-507f-414c-b50a-4f6c8d8193fc'::uuid, '2', false, tid, now(), now(), NULL);
  INSERT INTO public.collection_item_values (id, item_id, field_id, value, is_published, tenant_id, created_at, updated_at, deleted_at) VALUES (gen_random_uuid(), item_id, '9e73b50b-7850-47fb-97ff-1916d42aa0a7'::uuid, '2026-03-29T13:15:16.621Z', false, tid, now(), now(), NULL);
  INSERT INTO public.collection_item_values (id, item_id, field_id, value, is_published, tenant_id, created_at, updated_at, deleted_at) VALUES (gen_random_uuid(), item_id, 'c8b80674-accd-41f1-94eb-ac119c5210c8'::uuid, '2026-03-29T13:15:16.621Z', false, tid, now(), now(), NULL);
  INSERT INTO public.collection_item_values (id, item_id, field_id, value, is_published, tenant_id, created_at, updated_at, deleted_at) VALUES (gen_random_uuid(), item_id, 'af45e6e5-5460-422c-a4e2-7ff45f64044a'::uuid, 'Sisters’ study circle', false, tid, now(), now(), NULL);
  INSERT INTO public.collection_item_values (id, item_id, field_id, value, is_published, tenant_id, created_at, updated_at, deleted_at) VALUES (gen_random_uuid(), item_id, 'c8eaf027-b415-4d4f-9c10-3fc7c1f0e46b'::uuid, 'sisters-study-circle', false, tid, now(), now(), NULL);
  INSERT INTO public.collection_item_values (id, item_id, field_id, value, is_published, tenant_id, created_at, updated_at, deleted_at) VALUES (gen_random_uuid(), item_id, 'd464ae4f-1cab-49e7-abcc-2fb8aff29092'::uuid, 'Tuesday', false, tid, now(), now(), NULL);
  INSERT INTO public.collection_item_values (id, item_id, field_id, value, is_published, tenant_id, created_at, updated_at, deleted_at) VALUES (gen_random_uuid(), item_id, '6c989c68-2b2d-4179-9579-d3fd615c25ed'::uuid, '10:30 — 12:00', false, tid, now(), now(), NULL);
  INSERT INTO public.collection_item_values (id, item_id, field_id, value, is_published, tenant_id, created_at, updated_at, deleted_at) VALUES (gen_random_uuid(), item_id, '30e2df45-441d-4f1e-b586-50fbff9dcc53'::uuid, '{"type":"doc","content":[{"type":"paragraph","content":[{"type":"text","text":"A women-only session with Qur’an reflection and practical reminders. Enter via the designated sisters’ entrance where signposted."}]}]}', false, tid, now(), now(), NULL);
  item_id := gen_random_uuid();
  INSERT INTO public.collection_items (id, collection_id, manual_order, is_publishable, is_published, tenant_id, created_at, updated_at, deleted_at) VALUES (item_id, coll_id, 3, true, false, tid, now(), now(), NULL);
  INSERT INTO public.collection_item_values (id, item_id, field_id, value, is_published, tenant_id, created_at, updated_at, deleted_at) VALUES (gen_random_uuid(), item_id, '7411e58b-507f-414c-b50a-4f6c8d8193fc'::uuid, '3', false, tid, now(), now(), NULL);
  INSERT INTO public.collection_item_values (id, item_id, field_id, value, is_published, tenant_id, created_at, updated_at, deleted_at) VALUES (gen_random_uuid(), item_id, '9e73b50b-7850-47fb-97ff-1916d42aa0a7'::uuid, '2026-03-29T13:15:16.621Z', false, tid, now(), now(), NULL);
  INSERT INTO public.collection_item_values (id, item_id, field_id, value, is_published, tenant_id, created_at, updated_at, deleted_at) VALUES (gen_random_uuid(), item_id, 'c8b80674-accd-41f1-94eb-ac119c5210c8'::uuid, '2026-03-29T13:15:16.621Z', false, tid, now(), now(), NULL);
  INSERT INTO public.collection_item_values (id, item_id, field_id, value, is_published, tenant_id, created_at, updated_at, deleted_at) VALUES (gen_random_uuid(), item_id, 'af45e6e5-5460-422c-a4e2-7ff45f64044a'::uuid, 'Children''s madrasah', false, tid, now(), now(), NULL);
  INSERT INTO public.collection_item_values (id, item_id, field_id, value, is_published, tenant_id, created_at, updated_at, deleted_at) VALUES (gen_random_uuid(), item_id, 'c8eaf027-b415-4d4f-9c10-3fc7c1f0e46b'::uuid, 'children-madrasah', false, tid, now(), now(), NULL);
  INSERT INTO public.collection_item_values (id, item_id, field_id, value, is_published, tenant_id, created_at, updated_at, deleted_at) VALUES (gen_random_uuid(), item_id, 'd464ae4f-1cab-49e7-abcc-2fb8aff29092'::uuid, 'Saturday & Sunday', false, tid, now(), now(), NULL);
  INSERT INTO public.collection_item_values (id, item_id, field_id, value, is_published, tenant_id, created_at, updated_at, deleted_at) VALUES (gen_random_uuid(), item_id, '6c989c68-2b2d-4179-9579-d3fd615c25ed'::uuid, 'Morning slots by age', false, tid, now(), now(), NULL);
  INSERT INTO public.collection_item_values (id, item_id, field_id, value, is_published, tenant_id, created_at, updated_at, deleted_at) VALUES (gen_random_uuid(), item_id, '30e2df45-441d-4f1e-b586-50fbff9dcc53'::uuid, '{"type":"doc","content":[{"type":"paragraph","content":[{"type":"text","text":"Age-group classes covering Qur’an, adab, and basic fiqh. Registration and safeguarding policies apply; ask at the office for the current prospectus."}]}]}', false, tid, now(), now(), NULL);
  item_id := gen_random_uuid();
  INSERT INTO public.collection_items (id, collection_id, manual_order, is_publishable, is_published, tenant_id, created_at, updated_at, deleted_at) VALUES (item_id, coll_id, 4, true, false, tid, now(), now(), NULL);
  INSERT INTO public.collection_item_values (id, item_id, field_id, value, is_published, tenant_id, created_at, updated_at, deleted_at) VALUES (gen_random_uuid(), item_id, '7411e58b-507f-414c-b50a-4f6c8d8193fc'::uuid, '4', false, tid, now(), now(), NULL);
  INSERT INTO public.collection_item_values (id, item_id, field_id, value, is_published, tenant_id, created_at, updated_at, deleted_at) VALUES (gen_random_uuid(), item_id, '9e73b50b-7850-47fb-97ff-1916d42aa0a7'::uuid, '2026-03-29T13:15:16.621Z', false, tid, now(), now(), NULL);
  INSERT INTO public.collection_item_values (id, item_id, field_id, value, is_published, tenant_id, created_at, updated_at, deleted_at) VALUES (gen_random_uuid(), item_id, 'c8b80674-accd-41f1-94eb-ac119c5210c8'::uuid, '2026-03-29T13:15:16.621Z', false, tid, now(), now(), NULL);
  INSERT INTO public.collection_item_values (id, item_id, field_id, value, is_published, tenant_id, created_at, updated_at, deleted_at) VALUES (gen_random_uuid(), item_id, 'af45e6e5-5460-422c-a4e2-7ff45f64044a'::uuid, 'Brothers’ fitness walk', false, tid, now(), now(), NULL);
  INSERT INTO public.collection_item_values (id, item_id, field_id, value, is_published, tenant_id, created_at, updated_at, deleted_at) VALUES (gen_random_uuid(), item_id, 'c8eaf027-b415-4d4f-9c10-3fc7c1f0e46b'::uuid, 'brothers-fitness-walk', false, tid, now(), now(), NULL);
  INSERT INTO public.collection_item_values (id, item_id, field_id, value, is_published, tenant_id, created_at, updated_at, deleted_at) VALUES (gen_random_uuid(), item_id, 'd464ae4f-1cab-49e7-abcc-2fb8aff29092'::uuid, 'Sunday', false, tid, now(), now(), NULL);
  INSERT INTO public.collection_item_values (id, item_id, field_id, value, is_published, tenant_id, created_at, updated_at, deleted_at) VALUES (gen_random_uuid(), item_id, '6c989c68-2b2d-4179-9579-d3fd615c25ed'::uuid, 'After Fajr (seasonal)', false, tid, now(), now(), NULL);
  INSERT INTO public.collection_item_values (id, item_id, field_id, value, is_published, tenant_id, created_at, updated_at, deleted_at) VALUES (gen_random_uuid(), item_id, '30e2df45-441d-4f1e-b586-50fbff9dcc53'::uuid, '{"type":"doc","content":[{"type":"paragraph","content":[{"type":"text","text":"A light community walk followed by tea at the centre. Suitable for most fitness levels; route shared on the WhatsApp broadcast list."}]}]}', false, tid, now(), now(), NULL);
  coll_id := gen_random_uuid();
  INSERT INTO public.collections (id, uuid, name, "order", is_published, tenant_id, created_at, updated_at, deleted_at) VALUES (coll_id, gen_random_uuid(), 'Plan your visit', 3, false, tid, now(), now(), NULL);
  INSERT INTO public.collection_fields (id, collection_id, reference_collection_id, name, key, type, "default", fillable, "order", hidden, is_computed, data, is_published, tenant_id, created_at, updated_at, deleted_at) VALUES ('e8cb07e7-749d-46d4-9912-17a51b549415'::uuid, coll_id, NULL, 'ID', 'id', 'number', NULL, false, 0, false, false, '{}'::jsonb, false, tid, now(), now(), NULL);
  INSERT INTO public.collection_fields (id, collection_id, reference_collection_id, name, key, type, "default", fillable, "order", hidden, is_computed, data, is_published, tenant_id, created_at, updated_at, deleted_at) VALUES ('9de088f8-617a-4ca8-ab7e-e9c216fb6845'::uuid, coll_id, NULL, 'Status', 'status', 'status', NULL, false, 1, false, true, '{}'::jsonb, false, tid, now(), now(), NULL);
  INSERT INTO public.collection_fields (id, collection_id, reference_collection_id, name, key, type, "default", fillable, "order", hidden, is_computed, data, is_published, tenant_id, created_at, updated_at, deleted_at) VALUES ('402b9cf5-f60f-4529-a24e-86d3148164e7'::uuid, coll_id, NULL, 'Name', 'name', 'text', NULL, true, 2, false, false, '{}'::jsonb, false, tid, now(), now(), NULL);
  INSERT INTO public.collection_fields (id, collection_id, reference_collection_id, name, key, type, "default", fillable, "order", hidden, is_computed, data, is_published, tenant_id, created_at, updated_at, deleted_at) VALUES ('c81b849e-720c-4963-8cbf-7903045442ec'::uuid, coll_id, NULL, 'Slug', 'slug', 'text', NULL, true, 3, false, false, '{}'::jsonb, false, tid, now(), now(), NULL);
  INSERT INTO public.collection_fields (id, collection_id, reference_collection_id, name, key, type, "default", fillable, "order", hidden, is_computed, data, is_published, tenant_id, created_at, updated_at, deleted_at) VALUES ('5f037cf6-07c8-4e9b-b04a-ae3d09c9c99a'::uuid, coll_id, NULL, 'Hero image', 'hero_image', 'image', NULL, true, 4, false, false, '{}'::jsonb, false, tid, now(), now(), NULL);
  INSERT INTO public.collection_fields (id, collection_id, reference_collection_id, name, key, type, "default", fillable, "order", hidden, is_computed, data, is_published, tenant_id, created_at, updated_at, deleted_at) VALUES ('99d5570e-e117-417f-92da-5b5c9cf8549f'::uuid, coll_id, NULL, 'Opening hours', 'opening_hours', 'rich_text', NULL, true, 5, false, false, '{}'::jsonb, false, tid, now(), now(), NULL);
  INSERT INTO public.collection_fields (id, collection_id, reference_collection_id, name, key, type, "default", fillable, "order", hidden, is_computed, data, is_published, tenant_id, created_at, updated_at, deleted_at) VALUES ('80238458-5063-48de-af81-600b2d5f4158'::uuid, coll_id, NULL, 'Etiquette', 'etiquette', 'rich_text', NULL, true, 6, false, false, '{}'::jsonb, false, tid, now(), now(), NULL);
  INSERT INTO public.collection_fields (id, collection_id, reference_collection_id, name, key, type, "default", fillable, "order", hidden, is_computed, data, is_published, tenant_id, created_at, updated_at, deleted_at) VALUES ('21bf75b3-5fe4-4c2f-a187-df20f7a9e457'::uuid, coll_id, NULL, 'Parking & access', 'parking', 'rich_text', NULL, true, 7, false, false, '{}'::jsonb, false, tid, now(), now(), NULL);
  INSERT INTO public.collection_fields (id, collection_id, reference_collection_id, name, key, type, "default", fillable, "order", hidden, is_computed, data, is_published, tenant_id, created_at, updated_at, deleted_at) VALUES ('018c884b-3311-499f-962f-701ccf0e28dd'::uuid, coll_id, NULL, 'Tenant ID', 'tenant_id', 'text', NULL, true, 8, true, false, '{}'::jsonb, false, tid, now(), now(), NULL);
  INSERT INTO public.collection_fields (id, collection_id, reference_collection_id, name, key, type, "default", fillable, "order", hidden, is_computed, data, is_published, tenant_id, created_at, updated_at, deleted_at) VALUES ('01aefcf0-3e56-4868-a4a6-59279d76fa07'::uuid, coll_id, NULL, 'Tenant Slug', 'tenant_slug', 'text', NULL, true, 9, true, false, '{}'::jsonb, false, tid, now(), now(), NULL);
  INSERT INTO public.collection_fields (id, collection_id, reference_collection_id, name, key, type, "default", fillable, "order", hidden, is_computed, data, is_published, tenant_id, created_at, updated_at, deleted_at) VALUES ('6ad87a5d-c0d8-4701-90e5-845f6fb4ce2b'::uuid, coll_id, NULL, 'Created Date', 'created_at', 'date', NULL, false, 10, false, false, '{}'::jsonb, false, tid, now(), now(), NULL);
  INSERT INTO public.collection_fields (id, collection_id, reference_collection_id, name, key, type, "default", fillable, "order", hidden, is_computed, data, is_published, tenant_id, created_at, updated_at, deleted_at) VALUES ('503e49ba-3a65-4a2d-8526-4a5c91c990df'::uuid, coll_id, NULL, 'Updated Date', 'updated_at', 'date', NULL, false, 11, false, false, '{}'::jsonb, false, tid, now(), now(), NULL);
  item_id := gen_random_uuid();
  INSERT INTO public.collection_items (id, collection_id, manual_order, is_publishable, is_published, tenant_id, created_at, updated_at, deleted_at) VALUES (item_id, coll_id, 1, true, false, tid, now(), now(), NULL);
  INSERT INTO public.collection_item_values (id, item_id, field_id, value, is_published, tenant_id, created_at, updated_at, deleted_at) VALUES (gen_random_uuid(), item_id, '5f037cf6-07c8-4e9b-b04a-ae3d09c9c99a'::uuid, (img_map->>'blog-meal-planning.webp'), false, tid, now(), now(), NULL);
  INSERT INTO public.collection_item_values (id, item_id, field_id, value, is_published, tenant_id, created_at, updated_at, deleted_at) VALUES (gen_random_uuid(), item_id, 'e8cb07e7-749d-46d4-9912-17a51b549415'::uuid, '1', false, tid, now(), now(), NULL);
  INSERT INTO public.collection_item_values (id, item_id, field_id, value, is_published, tenant_id, created_at, updated_at, deleted_at) VALUES (gen_random_uuid(), item_id, '6ad87a5d-c0d8-4701-90e5-845f6fb4ce2b'::uuid, '2026-03-29T13:15:16.621Z', false, tid, now(), now(), NULL);
  INSERT INTO public.collection_item_values (id, item_id, field_id, value, is_published, tenant_id, created_at, updated_at, deleted_at) VALUES (gen_random_uuid(), item_id, '503e49ba-3a65-4a2d-8526-4a5c91c990df'::uuid, '2026-03-29T13:15:16.621Z', false, tid, now(), now(), NULL);
  INSERT INTO public.collection_item_values (id, item_id, field_id, value, is_published, tenant_id, created_at, updated_at, deleted_at) VALUES (gen_random_uuid(), item_id, '402b9cf5-f60f-4529-a24e-86d3148164e7'::uuid, 'Visitor guide', false, tid, now(), now(), NULL);
  INSERT INTO public.collection_item_values (id, item_id, field_id, value, is_published, tenant_id, created_at, updated_at, deleted_at) VALUES (gen_random_uuid(), item_id, 'c81b849e-720c-4963-8cbf-7903045442ec'::uuid, 'visitor-guide', false, tid, now(), now(), NULL);
  INSERT INTO public.collection_item_values (id, item_id, field_id, value, is_published, tenant_id, created_at, updated_at, deleted_at) VALUES (gen_random_uuid(), item_id, '99d5570e-e117-417f-92da-5b5c9cf8549f'::uuid, '{"type":"doc","content":[{"type":"paragraph","content":[{"type":"text","text":"The centre is open around the five daily prayers and for scheduled classes. Office hours may differ — call or email before visiting for administrative matters."}]}]}', false, tid, now(), now(), NULL);
  INSERT INTO public.collection_item_values (id, item_id, field_id, value, is_published, tenant_id, created_at, updated_at, deleted_at) VALUES (gen_random_uuid(), item_id, '80238458-5063-48de-af81-600b2d5f4158'::uuid, '{"type":"doc","content":[{"type":"paragraph","content":[{"type":"text","text":"Please remove footwear in the prayer hall area, keep phones silent, and avoid eating or drinking in the musalla. Non-Muslim visitors are welcome to observe quietly from designated areas when offered."}]}]}', false, tid, now(), now(), NULL);
  INSERT INTO public.collection_item_values (id, item_id, field_id, value, is_published, tenant_id, created_at, updated_at, deleted_at) VALUES (gen_random_uuid(), item_id, '21bf75b3-5fe4-4c2f-a187-df20f7a9e457'::uuid, '{"type":"doc","content":[{"type":"paragraph","content":[{"type":"text","text":"Limited on-site parking; respect residents when street parking. Blue-badge bays are available near the main entrance where marked. Cycling racks are provided at the side gate."}]}]}', false, tid, now(), now(), NULL);
  coll_id := gen_random_uuid();
  INSERT INTO public.collections (id, uuid, name, "order", is_published, tenant_id, created_at, updated_at, deleted_at) VALUES (coll_id, gen_random_uuid(), 'Spaces & hire', 4, false, tid, now(), now(), NULL);
  INSERT INTO public.collection_fields (id, collection_id, reference_collection_id, name, key, type, "default", fillable, "order", hidden, is_computed, data, is_published, tenant_id, created_at, updated_at, deleted_at) VALUES ('71e4bad6-795e-4a31-ad9c-a72bc031722f'::uuid, coll_id, NULL, 'ID', 'id', 'number', NULL, false, 0, false, false, '{}'::jsonb, false, tid, now(), now(), NULL);
  INSERT INTO public.collection_fields (id, collection_id, reference_collection_id, name, key, type, "default", fillable, "order", hidden, is_computed, data, is_published, tenant_id, created_at, updated_at, deleted_at) VALUES ('ed7662de-f382-4616-b87b-bca992ab7b71'::uuid, coll_id, NULL, 'Status', 'status', 'status', NULL, false, 1, false, true, '{}'::jsonb, false, tid, now(), now(), NULL);
  INSERT INTO public.collection_fields (id, collection_id, reference_collection_id, name, key, type, "default", fillable, "order", hidden, is_computed, data, is_published, tenant_id, created_at, updated_at, deleted_at) VALUES ('12e708cd-52e6-4980-9232-197212888681'::uuid, coll_id, NULL, 'Name', 'name', 'text', NULL, true, 2, false, false, '{}'::jsonb, false, tid, now(), now(), NULL);
  INSERT INTO public.collection_fields (id, collection_id, reference_collection_id, name, key, type, "default", fillable, "order", hidden, is_computed, data, is_published, tenant_id, created_at, updated_at, deleted_at) VALUES ('35b47247-1492-4155-94f3-294d71964b4e'::uuid, coll_id, NULL, 'Slug', 'slug', 'text', NULL, true, 3, false, false, '{}'::jsonb, false, tid, now(), now(), NULL);
  INSERT INTO public.collection_fields (id, collection_id, reference_collection_id, name, key, type, "default", fillable, "order", hidden, is_computed, data, is_published, tenant_id, created_at, updated_at, deleted_at) VALUES ('46d91084-5312-4081-b409-41107dd3b7ee'::uuid, coll_id, NULL, 'Photo', 'photo', 'image', NULL, true, 4, false, false, '{}'::jsonb, false, tid, now(), now(), NULL);
  INSERT INTO public.collection_fields (id, collection_id, reference_collection_id, name, key, type, "default", fillable, "order", hidden, is_computed, data, is_published, tenant_id, created_at, updated_at, deleted_at) VALUES ('fc780341-5113-4546-82b0-b4a62867e471'::uuid, coll_id, NULL, 'Summary', 'summary', 'text', NULL, true, 5, false, false, '{}'::jsonb, false, tid, now(), now(), NULL);
  INSERT INTO public.collection_fields (id, collection_id, reference_collection_id, name, key, type, "default", fillable, "order", hidden, is_computed, data, is_published, tenant_id, created_at, updated_at, deleted_at) VALUES ('b69899b3-c28c-41ad-aca1-013dd22a1faf'::uuid, coll_id, NULL, 'Details', 'details', 'rich_text', NULL, true, 6, false, false, '{}'::jsonb, false, tid, now(), now(), NULL);
  INSERT INTO public.collection_fields (id, collection_id, reference_collection_id, name, key, type, "default", fillable, "order", hidden, is_computed, data, is_published, tenant_id, created_at, updated_at, deleted_at) VALUES ('dbe44e48-c9bb-46ea-8b4c-ac111a4ae109'::uuid, coll_id, NULL, 'Tenant ID', 'tenant_id', 'text', NULL, true, 7, true, false, '{}'::jsonb, false, tid, now(), now(), NULL);
  INSERT INTO public.collection_fields (id, collection_id, reference_collection_id, name, key, type, "default", fillable, "order", hidden, is_computed, data, is_published, tenant_id, created_at, updated_at, deleted_at) VALUES ('036a7587-0e43-42e8-9be4-c5102af0b314'::uuid, coll_id, NULL, 'Tenant Slug', 'tenant_slug', 'text', NULL, true, 8, true, false, '{}'::jsonb, false, tid, now(), now(), NULL);
  INSERT INTO public.collection_fields (id, collection_id, reference_collection_id, name, key, type, "default", fillable, "order", hidden, is_computed, data, is_published, tenant_id, created_at, updated_at, deleted_at) VALUES ('5cccf93a-7323-42dd-bb58-27971943573a'::uuid, coll_id, NULL, 'Created Date', 'created_at', 'date', NULL, false, 9, false, false, '{}'::jsonb, false, tid, now(), now(), NULL);
  INSERT INTO public.collection_fields (id, collection_id, reference_collection_id, name, key, type, "default", fillable, "order", hidden, is_computed, data, is_published, tenant_id, created_at, updated_at, deleted_at) VALUES ('e03319c8-f6fc-46d3-930a-ae8da0c540b3'::uuid, coll_id, NULL, 'Updated Date', 'updated_at', 'date', NULL, false, 10, false, false, '{}'::jsonb, false, tid, now(), now(), NULL);
  item_id := gen_random_uuid();
  INSERT INTO public.collection_items (id, collection_id, manual_order, is_publishable, is_published, tenant_id, created_at, updated_at, deleted_at) VALUES (item_id, coll_id, 1, true, false, tid, now(), now(), NULL);
  INSERT INTO public.collection_item_values (id, item_id, field_id, value, is_published, tenant_id, created_at, updated_at, deleted_at) VALUES (gen_random_uuid(), item_id, '46d91084-5312-4081-b409-41107dd3b7ee'::uuid, (img_map->>'blog-remote-work.webp'), false, tid, now(), now(), NULL);
  INSERT INTO public.collection_item_values (id, item_id, field_id, value, is_published, tenant_id, created_at, updated_at, deleted_at) VALUES (gen_random_uuid(), item_id, '71e4bad6-795e-4a31-ad9c-a72bc031722f'::uuid, '1', false, tid, now(), now(), NULL);
  INSERT INTO public.collection_item_values (id, item_id, field_id, value, is_published, tenant_id, created_at, updated_at, deleted_at) VALUES (gen_random_uuid(), item_id, '5cccf93a-7323-42dd-bb58-27971943573a'::uuid, '2026-03-29T13:15:16.621Z', false, tid, now(), now(), NULL);
  INSERT INTO public.collection_item_values (id, item_id, field_id, value, is_published, tenant_id, created_at, updated_at, deleted_at) VALUES (gen_random_uuid(), item_id, 'e03319c8-f6fc-46d3-930a-ae8da0c540b3'::uuid, '2026-03-29T13:15:16.621Z', false, tid, now(), now(), NULL);
  INSERT INTO public.collection_item_values (id, item_id, field_id, value, is_published, tenant_id, created_at, updated_at, deleted_at) VALUES (gen_random_uuid(), item_id, '12e708cd-52e6-4980-9232-197212888681'::uuid, 'Main prayer hall', false, tid, now(), now(), NULL);
  INSERT INTO public.collection_item_values (id, item_id, field_id, value, is_published, tenant_id, created_at, updated_at, deleted_at) VALUES (gen_random_uuid(), item_id, '35b47247-1492-4155-94f3-294d71964b4e'::uuid, 'main-prayer-hall', false, tid, now(), now(), NULL);
  INSERT INTO public.collection_item_values (id, item_id, field_id, value, is_published, tenant_id, created_at, updated_at, deleted_at) VALUES (gen_random_uuid(), item_id, 'fc780341-5113-4546-82b0-b4a62867e471'::uuid, 'Brothers’ musalla with capacity for major prayers and taraweeh.', false, tid, now(), now(), NULL);
  INSERT INTO public.collection_item_values (id, item_id, field_id, value, is_published, tenant_id, created_at, updated_at, deleted_at) VALUES (gen_random_uuid(), item_id, 'b69899b3-c28c-41ad-aca1-013dd22a1faf'::uuid, '{"type":"doc","content":[{"type":"paragraph","content":[{"type":"text","text":"Air-conditioned hall with carpeted floor, fitted audio for khutbah, and wheelchair access via the ramp. Sisters’ area may be separate or partitioned depending on layout."}]}]}', false, tid, now(), now(), NULL);
  item_id := gen_random_uuid();
  INSERT INTO public.collection_items (id, collection_id, manual_order, is_publishable, is_published, tenant_id, created_at, updated_at, deleted_at) VALUES (item_id, coll_id, 2, true, false, tid, now(), now(), NULL);
  INSERT INTO public.collection_item_values (id, item_id, field_id, value, is_published, tenant_id, created_at, updated_at, deleted_at) VALUES (gen_random_uuid(), item_id, '46d91084-5312-4081-b409-41107dd3b7ee'::uuid, (img_map->>'blog-productivity.webp'), false, tid, now(), now(), NULL);
  INSERT INTO public.collection_item_values (id, item_id, field_id, value, is_published, tenant_id, created_at, updated_at, deleted_at) VALUES (gen_random_uuid(), item_id, '71e4bad6-795e-4a31-ad9c-a72bc031722f'::uuid, '2', false, tid, now(), now(), NULL);
  INSERT INTO public.collection_item_values (id, item_id, field_id, value, is_published, tenant_id, created_at, updated_at, deleted_at) VALUES (gen_random_uuid(), item_id, '5cccf93a-7323-42dd-bb58-27971943573a'::uuid, '2026-03-29T13:15:16.621Z', false, tid, now(), now(), NULL);
  INSERT INTO public.collection_item_values (id, item_id, field_id, value, is_published, tenant_id, created_at, updated_at, deleted_at) VALUES (gen_random_uuid(), item_id, 'e03319c8-f6fc-46d3-930a-ae8da0c540b3'::uuid, '2026-03-29T13:15:16.621Z', false, tid, now(), now(), NULL);
  INSERT INTO public.collection_item_values (id, item_id, field_id, value, is_published, tenant_id, created_at, updated_at, deleted_at) VALUES (gen_random_uuid(), item_id, '12e708cd-52e6-4980-9232-197212888681'::uuid, 'Sisters’ hall', false, tid, now(), now(), NULL);
  INSERT INTO public.collection_item_values (id, item_id, field_id, value, is_published, tenant_id, created_at, updated_at, deleted_at) VALUES (gen_random_uuid(), item_id, '35b47247-1492-4155-94f3-294d71964b4e'::uuid, 'sisters-hall', false, tid, now(), now(), NULL);
  INSERT INTO public.collection_item_values (id, item_id, field_id, value, is_published, tenant_id, created_at, updated_at, deleted_at) VALUES (gen_random_uuid(), item_id, 'fc780341-5113-4546-82b0-b4a62867e471'::uuid, 'Dedicated space for sisters’ prayers and programmes.', false, tid, now(), now(), NULL);
  INSERT INTO public.collection_item_values (id, item_id, field_id, value, is_published, tenant_id, created_at, updated_at, deleted_at) VALUES (gen_random_uuid(), item_id, 'b69899b3-c28c-41ad-aca1-013dd22a1faf'::uuid, '{"type":"doc","content":[{"type":"paragraph","content":[{"type":"text","text":"Used for classes, circles, and prayer. Access controlled for privacy; please use the entrance indicated on signage."}]}]}', false, tid, now(), now(), NULL);
  item_id := gen_random_uuid();
  INSERT INTO public.collection_items (id, collection_id, manual_order, is_publishable, is_published, tenant_id, created_at, updated_at, deleted_at) VALUES (item_id, coll_id, 3, true, false, tid, now(), now(), NULL);
  INSERT INTO public.collection_item_values (id, item_id, field_id, value, is_published, tenant_id, created_at, updated_at, deleted_at) VALUES (gen_random_uuid(), item_id, '71e4bad6-795e-4a31-ad9c-a72bc031722f'::uuid, '3', false, tid, now(), now(), NULL);
  INSERT INTO public.collection_item_values (id, item_id, field_id, value, is_published, tenant_id, created_at, updated_at, deleted_at) VALUES (gen_random_uuid(), item_id, '5cccf93a-7323-42dd-bb58-27971943573a'::uuid, '2026-03-29T13:15:16.621Z', false, tid, now(), now(), NULL);
  INSERT INTO public.collection_item_values (id, item_id, field_id, value, is_published, tenant_id, created_at, updated_at, deleted_at) VALUES (gen_random_uuid(), item_id, 'e03319c8-f6fc-46d3-930a-ae8da0c540b3'::uuid, '2026-03-29T13:15:16.621Z', false, tid, now(), now(), NULL);
  INSERT INTO public.collection_item_values (id, item_id, field_id, value, is_published, tenant_id, created_at, updated_at, deleted_at) VALUES (gen_random_uuid(), item_id, '12e708cd-52e6-4980-9232-197212888681'::uuid, 'Ablution (wudu) facilities', false, tid, now(), now(), NULL);
  INSERT INTO public.collection_item_values (id, item_id, field_id, value, is_published, tenant_id, created_at, updated_at, deleted_at) VALUES (gen_random_uuid(), item_id, '35b47247-1492-4155-94f3-294d71964b4e'::uuid, 'wudu-facilities', false, tid, now(), now(), NULL);
  INSERT INTO public.collection_item_values (id, item_id, field_id, value, is_published, tenant_id, created_at, updated_at, deleted_at) VALUES (gen_random_uuid(), item_id, 'fc780341-5113-4546-82b0-b4a62867e471'::uuid, 'Recently maintained wudu areas with accessible cubicles.', false, tid, now(), now(), NULL);
  INSERT INTO public.collection_item_values (id, item_id, field_id, value, is_published, tenant_id, created_at, updated_at, deleted_at) VALUES (gen_random_uuid(), item_id, 'b69899b3-c28c-41ad-aca1-013dd22a1faf'::uuid, '{"type":"doc","content":[{"type":"paragraph","content":[{"type":"text","text":"Please keep wudu areas tidy and report leaks or faults to staff. Baby-changing facilities may be available in the family room — ask at reception."}]}]}', false, tid, now(), now(), NULL);
  item_id := gen_random_uuid();
  INSERT INTO public.collection_items (id, collection_id, manual_order, is_publishable, is_published, tenant_id, created_at, updated_at, deleted_at) VALUES (item_id, coll_id, 4, true, false, tid, now(), now(), NULL);
  INSERT INTO public.collection_item_values (id, item_id, field_id, value, is_published, tenant_id, created_at, updated_at, deleted_at) VALUES (gen_random_uuid(), item_id, '46d91084-5312-4081-b409-41107dd3b7ee'::uuid, (img_map->>'blog-declutter.webp'), false, tid, now(), now(), NULL);
  INSERT INTO public.collection_item_values (id, item_id, field_id, value, is_published, tenant_id, created_at, updated_at, deleted_at) VALUES (gen_random_uuid(), item_id, '71e4bad6-795e-4a31-ad9c-a72bc031722f'::uuid, '4', false, tid, now(), now(), NULL);
  INSERT INTO public.collection_item_values (id, item_id, field_id, value, is_published, tenant_id, created_at, updated_at, deleted_at) VALUES (gen_random_uuid(), item_id, '5cccf93a-7323-42dd-bb58-27971943573a'::uuid, '2026-03-29T13:15:16.621Z', false, tid, now(), now(), NULL);
  INSERT INTO public.collection_item_values (id, item_id, field_id, value, is_published, tenant_id, created_at, updated_at, deleted_at) VALUES (gen_random_uuid(), item_id, 'e03319c8-f6fc-46d3-930a-ae8da0c540b3'::uuid, '2026-03-29T13:15:16.621Z', false, tid, now(), now(), NULL);
  INSERT INTO public.collection_item_values (id, item_id, field_id, value, is_published, tenant_id, created_at, updated_at, deleted_at) VALUES (gen_random_uuid(), item_id, '12e708cd-52e6-4980-9232-197212888681'::uuid, 'Community hall hire', false, tid, now(), now(), NULL);
  INSERT INTO public.collection_item_values (id, item_id, field_id, value, is_published, tenant_id, created_at, updated_at, deleted_at) VALUES (gen_random_uuid(), item_id, '35b47247-1492-4155-94f3-294d71964b4e'::uuid, 'community-hall-hire', false, tid, now(), now(), NULL);
  INSERT INTO public.collection_item_values (id, item_id, field_id, value, is_published, tenant_id, created_at, updated_at, deleted_at) VALUES (gen_random_uuid(), item_id, 'fc780341-5113-4546-82b0-b4a62867e471'::uuid, 'Bookings for nikah, aqiqah, and charity events subject to policy.', false, tid, now(), now(), NULL);
  INSERT INTO public.collection_item_values (id, item_id, field_id, value, is_published, tenant_id, created_at, updated_at, deleted_at) VALUES (gen_random_uuid(), item_id, 'b69899b3-c28c-41ad-aca1-013dd22a1faf'::uuid, '{"type":"doc","content":[{"type":"paragraph","content":[{"type":"text","text":"Commercial hire is assessed case by case. No alcohol, gambling, or mixed events that conflict with charitable objects. Deposit and insurance documents may be required."}]}]}', false, tid, now(), now(), NULL);
  coll_id := gen_random_uuid();
  INSERT INTO public.collections (id, uuid, name, "order", is_published, tenant_id, created_at, updated_at, deleted_at) VALUES (coll_id, gen_random_uuid(), 'Team & contacts', 5, false, tid, now(), now(), NULL);
  INSERT INTO public.collection_fields (id, collection_id, reference_collection_id, name, key, type, "default", fillable, "order", hidden, is_computed, data, is_published, tenant_id, created_at, updated_at, deleted_at) VALUES ('7bc41c5a-6ddf-44f0-a4ca-8a1b9d811fc5'::uuid, coll_id, NULL, 'ID', 'id', 'number', NULL, false, 0, false, false, '{}'::jsonb, false, tid, now(), now(), NULL);
  INSERT INTO public.collection_fields (id, collection_id, reference_collection_id, name, key, type, "default", fillable, "order", hidden, is_computed, data, is_published, tenant_id, created_at, updated_at, deleted_at) VALUES ('7228cae9-46ee-46a4-bc58-40c6e6c4c0f0'::uuid, coll_id, NULL, 'Status', 'status', 'status', NULL, false, 1, false, true, '{}'::jsonb, false, tid, now(), now(), NULL);
  INSERT INTO public.collection_fields (id, collection_id, reference_collection_id, name, key, type, "default", fillable, "order", hidden, is_computed, data, is_published, tenant_id, created_at, updated_at, deleted_at) VALUES ('00d9dacf-fd2c-40bb-ba56-7d2670770c38'::uuid, coll_id, NULL, 'Name', 'name', 'text', NULL, true, 2, false, false, '{}'::jsonb, false, tid, now(), now(), NULL);
  INSERT INTO public.collection_fields (id, collection_id, reference_collection_id, name, key, type, "default", fillable, "order", hidden, is_computed, data, is_published, tenant_id, created_at, updated_at, deleted_at) VALUES ('05723a6e-9177-450f-9998-b5d44fe7265d'::uuid, coll_id, NULL, 'Slug', 'slug', 'text', NULL, true, 3, false, false, '{}'::jsonb, false, tid, now(), now(), NULL);
  INSERT INTO public.collection_fields (id, collection_id, reference_collection_id, name, key, type, "default", fillable, "order", hidden, is_computed, data, is_published, tenant_id, created_at, updated_at, deleted_at) VALUES ('9e1f74eb-8ece-4b31-bef4-bf02276f57bc'::uuid, coll_id, NULL, 'Photo', 'photo', 'image', NULL, true, 4, false, false, '{}'::jsonb, false, tid, now(), now(), NULL);
  INSERT INTO public.collection_fields (id, collection_id, reference_collection_id, name, key, type, "default", fillable, "order", hidden, is_computed, data, is_published, tenant_id, created_at, updated_at, deleted_at) VALUES ('64cb443f-e478-4691-a061-96aa3c26d76d'::uuid, coll_id, NULL, 'Role', 'role', 'text', NULL, true, 5, false, false, '{}'::jsonb, false, tid, now(), now(), NULL);
  INSERT INTO public.collection_fields (id, collection_id, reference_collection_id, name, key, type, "default", fillable, "order", hidden, is_computed, data, is_published, tenant_id, created_at, updated_at, deleted_at) VALUES ('cfb98236-7feb-4547-a148-46a087dc1dd5'::uuid, coll_id, NULL, 'Bio', 'bio', 'text', NULL, true, 6, false, false, '{}'::jsonb, false, tid, now(), now(), NULL);
  INSERT INTO public.collection_fields (id, collection_id, reference_collection_id, name, key, type, "default", fillable, "order", hidden, is_computed, data, is_published, tenant_id, created_at, updated_at, deleted_at) VALUES ('1e4df8f3-f077-424f-9d76-0a22b1e2723d'::uuid, coll_id, NULL, 'Email', 'email', 'email', NULL, true, 7, false, false, '{}'::jsonb, false, tid, now(), now(), NULL);
  INSERT INTO public.collection_fields (id, collection_id, reference_collection_id, name, key, type, "default", fillable, "order", hidden, is_computed, data, is_published, tenant_id, created_at, updated_at, deleted_at) VALUES ('a4071de2-0332-423b-8f1f-11297fe76850'::uuid, coll_id, NULL, 'Tenant ID', 'tenant_id', 'text', NULL, true, 8, true, false, '{}'::jsonb, false, tid, now(), now(), NULL);
  INSERT INTO public.collection_fields (id, collection_id, reference_collection_id, name, key, type, "default", fillable, "order", hidden, is_computed, data, is_published, tenant_id, created_at, updated_at, deleted_at) VALUES ('bb62f87f-51e6-4cce-abd7-ec1974b116d4'::uuid, coll_id, NULL, 'Tenant Slug', 'tenant_slug', 'text', NULL, true, 9, true, false, '{}'::jsonb, false, tid, now(), now(), NULL);
  INSERT INTO public.collection_fields (id, collection_id, reference_collection_id, name, key, type, "default", fillable, "order", hidden, is_computed, data, is_published, tenant_id, created_at, updated_at, deleted_at) VALUES ('737e59d8-1156-4d49-9039-c9bdd9f41b2b'::uuid, coll_id, NULL, 'Created Date', 'created_at', 'date', NULL, false, 10, false, false, '{}'::jsonb, false, tid, now(), now(), NULL);
  INSERT INTO public.collection_fields (id, collection_id, reference_collection_id, name, key, type, "default", fillable, "order", hidden, is_computed, data, is_published, tenant_id, created_at, updated_at, deleted_at) VALUES ('65572b92-5998-45a2-8d17-d5e75f5c713f'::uuid, coll_id, NULL, 'Updated Date', 'updated_at', 'date', NULL, false, 11, false, false, '{}'::jsonb, false, tid, now(), now(), NULL);
  item_id := gen_random_uuid();
  INSERT INTO public.collection_items (id, collection_id, manual_order, is_publishable, is_published, tenant_id, created_at, updated_at, deleted_at) VALUES (item_id, coll_id, 1, true, false, tid, now(), now(), NULL);
  INSERT INTO public.collection_item_values (id, item_id, field_id, value, is_published, tenant_id, created_at, updated_at, deleted_at) VALUES (gen_random_uuid(), item_id, '9e1f74eb-8ece-4b31-bef4-bf02276f57bc'::uuid, (img_map->>'profile-picture-1.webp'), false, tid, now(), now(), NULL);
  INSERT INTO public.collection_item_values (id, item_id, field_id, value, is_published, tenant_id, created_at, updated_at, deleted_at) VALUES (gen_random_uuid(), item_id, '7bc41c5a-6ddf-44f0-a4ca-8a1b9d811fc5'::uuid, '1', false, tid, now(), now(), NULL);
  INSERT INTO public.collection_item_values (id, item_id, field_id, value, is_published, tenant_id, created_at, updated_at, deleted_at) VALUES (gen_random_uuid(), item_id, '737e59d8-1156-4d49-9039-c9bdd9f41b2b'::uuid, '2026-03-29T13:15:16.621Z', false, tid, now(), now(), NULL);
  INSERT INTO public.collection_item_values (id, item_id, field_id, value, is_published, tenant_id, created_at, updated_at, deleted_at) VALUES (gen_random_uuid(), item_id, '65572b92-5998-45a2-8d17-d5e75f5c713f'::uuid, '2026-03-29T13:15:16.621Z', false, tid, now(), now(), NULL);
  INSERT INTO public.collection_item_values (id, item_id, field_id, value, is_published, tenant_id, created_at, updated_at, deleted_at) VALUES (gen_random_uuid(), item_id, '00d9dacf-fd2c-40bb-ba56-7d2670770c38'::uuid, 'Imam & khateeb', false, tid, now(), now(), NULL);
  INSERT INTO public.collection_item_values (id, item_id, field_id, value, is_published, tenant_id, created_at, updated_at, deleted_at) VALUES (gen_random_uuid(), item_id, '05723a6e-9177-450f-9998-b5d44fe7265d'::uuid, 'imam-khateeb', false, tid, now(), now(), NULL);
  INSERT INTO public.collection_item_values (id, item_id, field_id, value, is_published, tenant_id, created_at, updated_at, deleted_at) VALUES (gen_random_uuid(), item_id, '64cb443f-e478-4691-a061-96aa3c26d76d'::uuid, 'Imam', false, tid, now(), now(), NULL);
  INSERT INTO public.collection_item_values (id, item_id, field_id, value, is_published, tenant_id, created_at, updated_at, deleted_at) VALUES (gen_random_uuid(), item_id, 'cfb98236-7feb-4547-a148-46a087dc1dd5'::uuid, 'Leads prayers, delivers khutbah, and provides pastoral support by appointment.', false, tid, now(), now(), NULL);
  INSERT INTO public.collection_item_values (id, item_id, field_id, value, is_published, tenant_id, created_at, updated_at, deleted_at) VALUES (gen_random_uuid(), item_id, '1e4df8f3-f077-424f-9d76-0a22b1e2723d'::uuid, 'imam@example.org', false, tid, now(), now(), NULL);
  item_id := gen_random_uuid();
  INSERT INTO public.collection_items (id, collection_id, manual_order, is_publishable, is_published, tenant_id, created_at, updated_at, deleted_at) VALUES (item_id, coll_id, 2, true, false, tid, now(), now(), NULL);
  INSERT INTO public.collection_item_values (id, item_id, field_id, value, is_published, tenant_id, created_at, updated_at, deleted_at) VALUES (gen_random_uuid(), item_id, '9e1f74eb-8ece-4b31-bef4-bf02276f57bc'::uuid, (img_map->>'profile-picture-2.webp'), false, tid, now(), now(), NULL);
  INSERT INTO public.collection_item_values (id, item_id, field_id, value, is_published, tenant_id, created_at, updated_at, deleted_at) VALUES (gen_random_uuid(), item_id, '7bc41c5a-6ddf-44f0-a4ca-8a1b9d811fc5'::uuid, '2', false, tid, now(), now(), NULL);
  INSERT INTO public.collection_item_values (id, item_id, field_id, value, is_published, tenant_id, created_at, updated_at, deleted_at) VALUES (gen_random_uuid(), item_id, '737e59d8-1156-4d49-9039-c9bdd9f41b2b'::uuid, '2026-03-29T13:15:16.621Z', false, tid, now(), now(), NULL);
  INSERT INTO public.collection_item_values (id, item_id, field_id, value, is_published, tenant_id, created_at, updated_at, deleted_at) VALUES (gen_random_uuid(), item_id, '65572b92-5998-45a2-8d17-d5e75f5c713f'::uuid, '2026-03-29T13:15:16.621Z', false, tid, now(), now(), NULL);
  INSERT INTO public.collection_item_values (id, item_id, field_id, value, is_published, tenant_id, created_at, updated_at, deleted_at) VALUES (gen_random_uuid(), item_id, '00d9dacf-fd2c-40bb-ba56-7d2670770c38'::uuid, 'Centre manager', false, tid, now(), now(), NULL);
  INSERT INTO public.collection_item_values (id, item_id, field_id, value, is_published, tenant_id, created_at, updated_at, deleted_at) VALUES (gen_random_uuid(), item_id, '05723a6e-9177-450f-9998-b5d44fe7265d'::uuid, 'centre-manager', false, tid, now(), now(), NULL);
  INSERT INTO public.collection_item_values (id, item_id, field_id, value, is_published, tenant_id, created_at, updated_at, deleted_at) VALUES (gen_random_uuid(), item_id, '64cb443f-e478-4691-a061-96aa3c26d76d'::uuid, 'Operations', false, tid, now(), now(), NULL);
  INSERT INTO public.collection_item_values (id, item_id, field_id, value, is_published, tenant_id, created_at, updated_at, deleted_at) VALUES (gen_random_uuid(), item_id, 'cfb98236-7feb-4547-a148-46a087dc1dd5'::uuid, 'Day-to-day running of the building, bookings, health & safety, and volunteer coordination.', false, tid, now(), now(), NULL);
  INSERT INTO public.collection_item_values (id, item_id, field_id, value, is_published, tenant_id, created_at, updated_at, deleted_at) VALUES (gen_random_uuid(), item_id, '1e4df8f3-f077-424f-9d76-0a22b1e2723d'::uuid, 'manager@example.org', false, tid, now(), now(), NULL);
  item_id := gen_random_uuid();
  INSERT INTO public.collection_items (id, collection_id, manual_order, is_publishable, is_published, tenant_id, created_at, updated_at, deleted_at) VALUES (item_id, coll_id, 3, true, false, tid, now(), now(), NULL);
  INSERT INTO public.collection_item_values (id, item_id, field_id, value, is_published, tenant_id, created_at, updated_at, deleted_at) VALUES (gen_random_uuid(), item_id, '9e1f74eb-8ece-4b31-bef4-bf02276f57bc'::uuid, (img_map->>'profile-picture-3.webp'), false, tid, now(), now(), NULL);
  INSERT INTO public.collection_item_values (id, item_id, field_id, value, is_published, tenant_id, created_at, updated_at, deleted_at) VALUES (gen_random_uuid(), item_id, '7bc41c5a-6ddf-44f0-a4ca-8a1b9d811fc5'::uuid, '3', false, tid, now(), now(), NULL);
  INSERT INTO public.collection_item_values (id, item_id, field_id, value, is_published, tenant_id, created_at, updated_at, deleted_at) VALUES (gen_random_uuid(), item_id, '737e59d8-1156-4d49-9039-c9bdd9f41b2b'::uuid, '2026-03-29T13:15:16.621Z', false, tid, now(), now(), NULL);
  INSERT INTO public.collection_item_values (id, item_id, field_id, value, is_published, tenant_id, created_at, updated_at, deleted_at) VALUES (gen_random_uuid(), item_id, '65572b92-5998-45a2-8d17-d5e75f5c713f'::uuid, '2026-03-29T13:15:16.621Z', false, tid, now(), now(), NULL);
  INSERT INTO public.collection_item_values (id, item_id, field_id, value, is_published, tenant_id, created_at, updated_at, deleted_at) VALUES (gen_random_uuid(), item_id, '00d9dacf-fd2c-40bb-ba56-7d2670770c38'::uuid, 'Education lead', false, tid, now(), now(), NULL);
  INSERT INTO public.collection_item_values (id, item_id, field_id, value, is_published, tenant_id, created_at, updated_at, deleted_at) VALUES (gen_random_uuid(), item_id, '05723a6e-9177-450f-9998-b5d44fe7265d'::uuid, 'education-lead', false, tid, now(), now(), NULL);
  INSERT INTO public.collection_item_values (id, item_id, field_id, value, is_published, tenant_id, created_at, updated_at, deleted_at) VALUES (gen_random_uuid(), item_id, '64cb443f-e478-4691-a061-96aa3c26d76d'::uuid, 'Madrasah & adult learning', false, tid, now(), now(), NULL);
  INSERT INTO public.collection_item_values (id, item_id, field_id, value, is_published, tenant_id, created_at, updated_at, deleted_at) VALUES (gen_random_uuid(), item_id, 'cfb98236-7feb-4547-a148-46a087dc1dd5'::uuid, 'Oversees curriculum, DBS-checked teachers, and safeguarding procedures for classes.', false, tid, now(), now(), NULL);
  INSERT INTO public.collection_item_values (id, item_id, field_id, value, is_published, tenant_id, created_at, updated_at, deleted_at) VALUES (gen_random_uuid(), item_id, '1e4df8f3-f077-424f-9d76-0a22b1e2723d'::uuid, 'education@example.org', false, tid, now(), now(), NULL);
  item_id := gen_random_uuid();
  INSERT INTO public.collection_items (id, collection_id, manual_order, is_publishable, is_published, tenant_id, created_at, updated_at, deleted_at) VALUES (item_id, coll_id, 4, true, false, tid, now(), now(), NULL);
  INSERT INTO public.collection_item_values (id, item_id, field_id, value, is_published, tenant_id, created_at, updated_at, deleted_at) VALUES (gen_random_uuid(), item_id, '9e1f74eb-8ece-4b31-bef4-bf02276f57bc'::uuid, (img_map->>'profile-picture-4.webp'), false, tid, now(), now(), NULL);
  INSERT INTO public.collection_item_values (id, item_id, field_id, value, is_published, tenant_id, created_at, updated_at, deleted_at) VALUES (gen_random_uuid(), item_id, '7bc41c5a-6ddf-44f0-a4ca-8a1b9d811fc5'::uuid, '4', false, tid, now(), now(), NULL);
  INSERT INTO public.collection_item_values (id, item_id, field_id, value, is_published, tenant_id, created_at, updated_at, deleted_at) VALUES (gen_random_uuid(), item_id, '737e59d8-1156-4d49-9039-c9bdd9f41b2b'::uuid, '2026-03-29T13:15:16.621Z', false, tid, now(), now(), NULL);
  INSERT INTO public.collection_item_values (id, item_id, field_id, value, is_published, tenant_id, created_at, updated_at, deleted_at) VALUES (gen_random_uuid(), item_id, '65572b92-5998-45a2-8d17-d5e75f5c713f'::uuid, '2026-03-29T13:15:16.621Z', false, tid, now(), now(), NULL);
  INSERT INTO public.collection_item_values (id, item_id, field_id, value, is_published, tenant_id, created_at, updated_at, deleted_at) VALUES (gen_random_uuid(), item_id, '00d9dacf-fd2c-40bb-ba56-7d2670770c38'::uuid, 'Trustee chair', false, tid, now(), now(), NULL);
  INSERT INTO public.collection_item_values (id, item_id, field_id, value, is_published, tenant_id, created_at, updated_at, deleted_at) VALUES (gen_random_uuid(), item_id, '05723a6e-9177-450f-9998-b5d44fe7265d'::uuid, 'trustee-chair', false, tid, now(), now(), NULL);
  INSERT INTO public.collection_item_values (id, item_id, field_id, value, is_published, tenant_id, created_at, updated_at, deleted_at) VALUES (gen_random_uuid(), item_id, '64cb443f-e478-4691-a061-96aa3c26d76d'::uuid, 'Governance', false, tid, now(), now(), NULL);
  INSERT INTO public.collection_item_values (id, item_id, field_id, value, is_published, tenant_id, created_at, updated_at, deleted_at) VALUES (gen_random_uuid(), item_id, 'cfb98236-7feb-4547-a148-46a087dc1dd5'::uuid, 'Charity trustee responsible for strategy, finance oversight, and regulatory compliance.', false, tid, now(), now(), NULL);
  INSERT INTO public.collection_item_values (id, item_id, field_id, value, is_published, tenant_id, created_at, updated_at, deleted_at) VALUES (gen_random_uuid(), item_id, '1e4df8f3-f077-424f-9d76-0a22b1e2723d'::uuid, 'trustees@example.org', false, tid, now(), now(), NULL);

  ELSE
    RAISE NOTICE 'Masjid seed already applied; skipping.';
  END IF;
END $migration$;
